Division,District,Upazila,Sex Ratio (F per 100M),Child Marriage Rate (%),Women's Education (%),Female Labour Force (%),Women in Local Govt (%),Skilled Birth Attendance (%),Girls in School (%),GBV Support Centre
Barisal,Barguna,Amtali,96.3,46.0,57.8,40.0,26.0,73.1,49.9,Partial
Barisal,Barguna,Bamna,103.7,40.4,65.3,38.2,37.0,67.3,50.4,No
Barisal,Barguna,Barguna Sadar,101.0,35.1,56.6,44.0,32.2,67.7,54.4,Partial
Barisal,Barguna,Betagi,99.3,40.9,59.2,34.7,37.8,73.8,52.0,No
Barisal,Barguna,Patharghata,101.9,37.5,69.3,26.4,34.5,68.1,51.5,Partial
Barisal,Barguna,Taltali,95.3,41.3,53.3,31.6,31.4,63.1,52.4,No
Barisal,Barisal,Agailjhara,96.0,36.5,57.8,21.2,39.7,68.1,52.4,No
Barisal,Barisal,Babuganj,98.5,39.9,64.6,41.8,25.0,60.5,49.7,Partial
Barisal,Barisal,Bakerganj,100.8,41.9,62.2,28.6,36.1,69.4,52.5,Partial
Barisal,Barisal,Banari Para,104.6,40.9,59.4,30.3,35.5,70.6,53.4,No
Barisal,Barisal,Barisal Sadar,96.3,15.7,76.8,39.5,28.1,90.9,54.6,Yes
Barisal,Barisal,Gaurnadi,98.4,40.8,60.6,43.3,38.5,70.4,50.5,Partial
Barisal,Barisal,Hizla,105.2,44.9,64.6,31.3,33.0,68.2,49.8,No
Barisal,Barisal,Mehendiganj,103.7,37.4,65.9,24.8,35.9,66.9,53.4,No
Barisal,Barisal,Muladi,102.8,47.0,57.5,38.2,34.2,66.2,51.5,Partial
Barisal,Barisal,Wazirpur,98.5,35.3,62.3,36.8,32.8,63.2,51.8,Partial
Barisal,Bhola,Bhola Sadar,100.5,34.2,64.8,37.7,32.0,79.6,52.8,Partial
Barisal,Bhola,Burhanuddin,104.9,35.4,54.3,35.7,29.6,80.7,51.7,Partial
Barisal,Bhola,Char Fasson,102.1,43.8,58.7,34.1,38.4,75.5,54.4,No
Barisal,Bhola,Daulatkhan,105.2,37.6,55.2,36.5,32.3,74.4,48.3,Partial
Barisal,Bhola,Lalmohan,105.8,37.9,47.9,34.1,37.7,71.3,50.7,Partial
Barisal,Bhola,Manpura,97.1,44.2,55.0,45.1,32.9,67.9,51.9,No
Barisal,Bhola,Tazumuddin,96.0,44.3,53.9,34.1,32.0,71.3,46.5,No
Barisal,Jhalokati,Jhalokati Sadar,104.6,37.0,64.7,39.7,44.2,62.3,52.0,Partial
Barisal,Jhalokati,Kathalia,105.4,39.2,60.1,25.8,31.0,75.4,49.6,No
Barisal,Jhalokati,Nalchity,102.0,42.6,57.2,37.6,33.3,69.0,53.8,No
Barisal,Jhalokati,Rajapur,103.0,40.6,61.1,30.0,34.2,77.5,51.9,No
Barisal,Patuakhali,Bauphal,97.3,47.1,62.8,15.0,34.5,67.7,49.6,No
Barisal,Patuakhali,Dashmina,105.0,40.3,56.2,26.7,38.5,74.7,48.5,No
Barisal,Patuakhali,Dumki,99.6,46.6,67.7,28.2,34.6,73.1,51.2,No
Barisal,Patuakhali,Galachipa,105.8,47.4,56.5,35.3,35.7,65.8,49.6,No
Barisal,Patuakhali,Kalapara,102.7,46.0,55.0,35.3,33.2,65.5,52.3,Partial
Barisal,Patuakhali,Mirzaganj,98.1,47.2,57.6,29.6,27.4,69.3,50.5,No
Barisal,Patuakhali,Patuakhali Sadar,99.4,33.4,54.5,27.6,31.2,74.6,52.7,Yes
Barisal,Patuakhali,Rangabali,96.5,44.3,57.2,33.0,35.7,77.3,52.5,No
Barisal,Pirojpur,Bhandaria,100.7,35.4,58.3,37.1,31.5,71.8,48.7,Partial
Barisal,Pirojpur,Kawkhali,97.7,41.4,55.6,32.8,28.2,61.8,49.3,No
Barisal,Pirojpur,Mathbaria,97.0,42.5,56.4,38.4,29.6,63.5,49.4,Partial
Barisal,Pirojpur,Nazirpur,103.8,39.0,54.1,30.2,28.0,69.7,47.6,No
Barisal,Pirojpur,Pirojpur Sadar,101.6,34.1,63.7,29.7,37.3,80.8,52.4,Partial
Barisal,Pirojpur,Nesarabad,97.1,45.2,61.2,31.8,36.3,61.5,49.7,No
Barisal,Pirojpur,Zianagar,101.9,47.9,57.2,34.8,30.3,65.5,52.1,No
Chittagong,Bandarban,Ali Kadam,103.1,39.4,61.3,35.4,29.5,65.4,54.6,No
Chittagong,Bandarban,Bandarban Sadar,100.8,38.3,56.0,30.9,34.8,69.0,50.7,Yes
Chittagong,Bandarban,Lama,98.1,46.2,54.2,24.5,29.8,80.0,53.4,No
Chittagong,Bandarban,Naikhongchhari,99.6,47.4,63.9,32.6,35.8,60.1,47.0,No
Chittagong,Bandarban,Rowangchhari,103.5,43.8,54.9,32.8,34.1,68.7,51.3,No
Chittagong,Bandarban,Ruma,97.4,45.9,61.8,30.4,36.9,64.4,49.9,No
Chittagong,Bandarban,Thanchi,95.4,45.6,62.9,34.8,34.2,68.3,49.5,No
Chittagong,Brahmanbaria,Akhaura,96.0,27.9,68.5,44.7,36.2,78.8,50.7,Yes
Chittagong,Brahmanbaria,Ashuganj,102.7,28.1,65.9,45.5,29.0,75.3,47.4,Yes
Chittagong,Brahmanbaria,Bancharampur,102.4,39.4,61.0,24.8,38.2,72.7,55.5,Partial
Chittagong,Brahmanbaria,Bijoynagar,95.2,43.7,56.4,36.1,30.0,69.4,50.2,No
Chittagong,Brahmanbaria,Brahmanbaria Sadar,100.6,24.5,67.0,49.0,26.1,75.8,54.8,Yes
Chittagong,Brahmanbaria,Kasba,99.1,34.9,57.6,38.7,35.8,75.7,50.6,Partial
Chittagong,Brahmanbaria,Nabinagar,102.5,44.1,66.3,26.8,34.0,81.8,50.1,Partial
Chittagong,Brahmanbaria,Nasirnagar,99.5,36.2,60.6,33.5,38.9,64.1,51.2,Partial
Chittagong,Brahmanbaria,Sarail,101.2,43.1,65.9,27.8,30.8,71.8,49.9,Partial
Chittagong,Chandpur,Chandpur Sadar,99.0,27.5,69.4,34.3,31.0,84.2,53.0,Yes
Chittagong,Chandpur,Faridganj,95.1,35.5,56.3,38.0,34.5,63.1,50.8,Partial
Chittagong,Chandpur,Haimchar,105.7,46.2,57.2,37.4,31.1,75.4,51.0,No
Chittagong,Chandpur,Haziganj,100.7,38.2,60.6,32.5,40.0,71.2,49.7,Partial
Chittagong,Chandpur,Kachua,105.9,36.8,56.2,26.1,32.7,65.6,48.9,Partial
Chittagong,Chandpur,Matlab Dakshin,105.1,43.9,54.5,24.6,32.3,69.3,50.4,Partial
Chittagong,Chandpur,Matlab Uttar,98.0,46.7,56.9,29.0,34.9,64.5,52.4,Partial
Chittagong,Chandpur,Shahrasti,105.2,42.9,52.4,35.5,34.6,82.6,52.3,Partial
Chittagong,Chittagong,Anwara,97.9,37.8,60.2,33.5,31.6,79.2,50.5,Partial
Chittagong,Chittagong,Banshkhali,101.7,38.2,67.8,28.1,33.9,67.4,52.1,Partial
Chittagong,Chittagong,Boalkhali,105.1,41.3,67.0,34.2,37.3,71.0,52.9,Partial
Chittagong,Chittagong,Chandanaish,100.8,42.7,58.6,43.7,34.0,75.1,52.2,Partial
Chittagong,Chittagong,Chittagong Sadar,102.9,23.7,72.5,52.5,32.6,85.5,51.0,Yes
Chittagong,Chittagong,Fatikchhari,99.1,42.4,55.4,28.0,37.1,67.9,53.9,Partial
Chittagong,Chittagong,Hathazari,98.8,35.2,65.6,37.8,30.5,67.6,50.2,Partial
Chittagong,Chittagong,Karnaphuli,104.6,30.8,62.3,46.6,29.6,74.1,52.5,Yes
Chittagong,Chittagong,Lohagara,95.3,46.6,56.7,25.1,35.4,69.4,48.7,No
Chittagong,Chittagong,Mirsharai,102.0,42.3,59.3,37.3,31.2,61.6,55.0,Partial
Chittagong,Chittagong,Patiya,100.2,43.4,58.8,33.7,29.1,74.6,51.0,Partial
Chittagong,Chittagong,Rangunia,97.8,36.8,62.0,29.8,40.2,77.0,53.4,Partial
Chittagong,Chittagong,Raozan,96.7,42.8,64.0,27.1,31.4,67.0,54.5,Partial
Chittagong,Chittagong,Sandwip,97.3,42.9,60.7,31.0,34.2,64.1,53.2,Partial
Chittagong,Chittagong,Satkania,102.8,46.1,64.5,28.9,27.7,71.3,48.6,Partial
Chittagong,Chittagong,Sitakunda,95.9,40.6,58.0,40.1,26.2,73.4,50.9,Yes
Chittagong,Comilla,Barura,101.5,41.3,63.2,28.2,31.1,72.7,51.4,Partial
Chittagong,Comilla,Brahmanpara,95.7,44.6,64.9,34.4,28.9,66.7,48.4,Partial
Chittagong,Comilla,Burichang,102.8,38.0,53.8,39.9,34.6,72.5,50.3,Partial
Chittagong,Comilla,Chandina,96.2,42.2,57.1,31.6,31.4,72.8,48.9,Partial
Chittagong,Comilla,Chauddagram,98.7,36.6,58.8,32.7,34.8,67.9,50.1,Partial
Chittagong,Comilla,Comilla Sadar,104.7,25.6,61.4,47.0,35.1,79.2,51.1,Yes
Chittagong,Comilla,Comilla Sadar Dakshin,94.7,31.8,50.9,35.7,33.2,74.3,51.0,Partial
Chittagong,Comilla,Daudkandi,105.9,44.7,61.7,31.1,31.2,61.1,51.6,Partial
Chittagong,Comilla,Debidwar,99.4,42.4,53.5,32.8,33.3,65.0,48.3,Partial
Chittagong,Comilla,Homna,97.5,38.8,60.8,32.9,34.9,63.6,50.8,Partial
Chittagong,Comilla,Laksam,101.7,32.2,60.9,37.5,33.8,75.7,50.8,Yes
Chittagong,Comilla,Lalmai,96.9,39.7,62.0,28.9,28.4,76.6,54.2,Partial
Chittagong,Comilla,Manoharganj,98.6,47.0,76.8,29.9,27.0,77.5,52.7,Partial
Chittagong,Comilla,Meghna,105.9,39.2,60.0,25.0,35.9,71.5,50.4,Partial
Chittagong,Comilla,Muradnagar,101.9,34.4,64.0,34.3,31.8,76.0,48.9,Partial
Chittagong,Comilla,Nangalkot,105.9,35.9,61.1,24.5,32.3,70.2,50.9,Partial
Chittagong,Comilla,Titas,103.0,47.0,53.5,32.3,32.5,77.3,49.9,Partial
Chittagong,Cox's Bazar,Chakaria,99.6,36.8,51.7,42.4,30.4,77.6,48.7,Partial
Chittagong,Cox's Bazar,Cox's Bazar Sadar,103.2,34.7,70.2,43.6,34.4,75.9,50.7,Yes
Chittagong,Cox's Bazar,Kutubdia,101.9,46.7,54.5,30.0,35.5,67.1,50.4,No
Chittagong,Cox's Bazar,Maheshkhali,101.7,43.8,56.2,38.6,30.8,68.1,51.5,Partial
Chittagong,Cox's Bazar,Pekua,96.1,36.5,53.1,27.1,34.5,74.8,49.7,No
Chittagong,Cox's Bazar,Ramu,103.7,43.9,59.0,22.9,29.1,71.7,46.8,Partial
Chittagong,Cox's Bazar,Teknaf,94.5,36.1,57.0,30.9,29.6,78.7,53.6,Partial
Chittagong,Cox's Bazar,Ukhia,102.3,41.5,62.0,27.2,36.1,82.1,50.8,No
Chittagong,Feni,Chhagalnaiya,104.1,37.4,56.4,24.3,31.8,66.4,51.8,Partial
Chittagong,Feni,Daganbhuiyan,97.1,37.9,62.7,33.9,44.7,72.3,49.5,Partial
Chittagong,Feni,Feni Sadar,97.4,31.1,58.1,41.2,33.6,66.4,50.5,Yes
Chittagong,Feni,Fulgazi,95.3,39.5,64.0,29.2,27.1,63.3,52.4,No
Chittagong,Feni,Parshuram,102.2,41.9,67.2,34.3,29.0,62.7,49.7,Partial
Chittagong,Feni,Sonagazi,98.5,43.3,60.3,35.4,33.1,68.3,50.0,Partial
Chittagong,Khagrachhari,Dighinala,102.1,44.0,63.0,21.3,34.3,74.6,49.3,No
Chittagong,Khagrachhari,Guimara,102.8,39.8,58.7,26.0,27.2,58.2,49.0,No
Chittagong,Khagrachhari,Khagrachhari Sadar,103.9,29.8,71.8,37.3,27.1,79.9,55.6,Yes
Chittagong,Khagrachhari,Lakshmichhari,99.7,42.5,58.4,31.9,34.6,62.7,51.3,No
Chittagong,Khagrachhari,Mahalchhari,101.4,37.8,52.9,30.0,36.1,75.3,53.2,No
Chittagong,Khagrachhari,Manikchhari,101.2,40.8,52.6,28.3,34.7,64.0,52.0,No
Chittagong,Khagrachhari,Matiranga,103.6,38.0,54.2,42.8,29.2,63.5,48.4,No
Chittagong,Khagrachhari,Panchhari,101.2,47.9,57.1,30.9,34.9,68.9,52.4,No
Chittagong,Khagrachhari,Ramgarh,94.5,39.3,48.9,35.0,30.9,73.1,49.2,Partial
Chittagong,Lakshmipur,Kamalnagar,103.7,42.7,57.1,38.9,31.0,71.8,49.8,No
Chittagong,Lakshmipur,Lakshmipur Sadar,97.9,27.3,65.4,47.3,32.5,81.3,51.9,Yes
Chittagong,Lakshmipur,Ramganj,104.9,44.3,56.0,38.0,34.6,61.9,52.9,Partial
Chittagong,Lakshmipur,Ramgati,96.1,46.0,55.6,27.2,33.3,67.4,49.4,No
Chittagong,Lakshmipur,Raipur,105.5,43.0,58.6,42.9,30.0,70.1,51.7,Partial
Chittagong,Noakhali,Begumganj,101.7,42.4,62.6,27.6,36.6,72.8,52.9,Partial
Chittagong,Noakhali,Chatkhil,101.1,42.3,59.1,38.1,30.5,74.2,51.3,Partial
Chittagong,Noakhali,Companiganj,94.7,45.5,68.4,32.5,38.0,61.6,54.2,No
Chittagong,Noakhali,Hatiya,95.9,41.4,52.3,37.0,30.3,75.7,50.6,No
Chittagong,Noakhali,Kabirhat,98.2,35.1,44.5,31.1,29.8,67.7,52.7,Partial
Chittagong,Noakhali,Noakhali Sadar,97.9,30.1,62.1,33.0,38.1,69.2,48.3,Yes
Chittagong,Noakhali,Senbagh,102.4,35.7,64.1,34.2,39.8,74.8,51.3,Partial
Chittagong,Noakhali,Sonaimuri,100.3,39.8,66.7,28.6,32.2,64.8,50.4,Partial
Chittagong,Noakhali,Subarnachar,98.1,46.8,60.8,29.8,33.9,71.8,48.6,No
Chittagong,Rangamati,Bagaichhari,105.6,46.7,59.7,27.4,33.2,65.8,52.5,No
Chittagong,Rangamati,Barkal,95.6,45.3,56.0,32.9,31.6,79.4,51.8,No
Chittagong,Rangamati,Belaichhari,100.6,42.5,54.2,26.8,35.5,72.7,50.7,No
Chittagong,Rangamati,Juraichhari,94.1,49.1,57.8,34.5,29.5,60.2,52.0,No
Chittagong,Rangamati,Kaptai,96.6,41.2,63.7,30.1,31.3,65.5,45.8,Partial
Chittagong,Rangamati,Kawkhali,95.7,46.5,59.8,32.7,32.7,76.6,50.6,No
Chittagong,Rangamati,Langadu,97.5,38.9,56.3,32.8,34.9,62.7,51.2,No
Chittagong,Rangamati,Naniarchar,95.9,39.7,57.4,33.6,37.0,63.2,52.0,No
Chittagong,Rangamati,Rajasthali,99.7,42.5,50.9,31.9,29.9,67.8,52.3,No
Chittagong,Rangamati,Rangamati Sadar,98.7,31.5,56.9,35.4,30.5,77.8,53.9,Yes
Dhaka,Dhaka,Demra,96.7,21.8,77.6,52.5,34.2,89.0,52.5,Yes
Dhaka,Dhaka,Dhamrai,105.0,39.2,60.8,31.2,31.1,77.8,52.7,Partial
Dhaka,Dhaka,Dohar,103.1,41.1,57.3,40.2,25.0,61.3,48.9,Partial
Dhaka,Dhaka,Keraniganj,102.2,22.1,74.8,41.0,39.7,80.7,47.8,Yes
Dhaka,Dhaka,Nawabganj,94.0,40.3,64.0,37.5,30.5,78.0,46.0,Partial
Dhaka,Dhaka,Savar,96.7,21.6,64.3,45.1,28.4,84.1,50.2,Yes
Dhaka,Dhaka,Tejgaon (Dhaka City),97.2,15.9,75.0,46.4,34.1,88.0,49.9,Yes
Dhaka,Faridpur,Alfadanga,105.7,36.0,51.1,27.5,34.2,63.5,49.8,No
Dhaka,Faridpur,Bhanga,103.9,40.0,45.8,35.8,31.4,65.4,50.0,Partial
Dhaka,Faridpur,Boalmari,105.3,38.6,55.0,32.9,34.4,70.9,55.9,Partial
Dhaka,Faridpur,Char Bhadrasan,99.2,40.2,54.2,28.5,36.3,73.7,49.5,No
Dhaka,Faridpur,Faridpur Sadar,95.8,32.9,57.2,43.9,34.7,83.3,49.1,Yes
Dhaka,Faridpur,Madhukhali,102.5,36.3,60.3,34.4,36.0,70.7,46.8,No
Dhaka,Faridpur,Nagarkanda,94.8,40.6,53.9,34.5,37.4,68.5,53.3,No
Dhaka,Faridpur,Saltha,100.1,39.1,60.1,28.5,32.8,67.5,50.7,No
Dhaka,Faridpur,Sadarpur,99.2,41.6,52.5,22.5,34.3,71.7,51.8,No
Dhaka,Gazipur,Gazipur Sadar,105.4,25.9,66.1,40.1,33.6,88.1,49.5,Yes
Dhaka,Gazipur,Kaliakair,96.8,25.9,57.3,45.5,27.6,71.6,48.8,Yes
Dhaka,Gazipur,Kaliganj,95.2,34.1,61.2,29.9,39.8,80.1,46.2,Yes
Dhaka,Gazipur,Kapasia,102.6,44.1,58.3,33.7,35.6,69.9,50.7,Partial
Dhaka,Gazipur,Sreepur,96.5,32.8,53.7,36.1,34.1,61.8,53.5,Yes
Dhaka,Gopalganj,Gopalganj Sadar,105.6,33.1,70.0,37.7,28.3,67.5,54.6,Yes
Dhaka,Gopalganj,Kashiani,100.1,44.3,48.4,36.5,28.6,79.4,54.5,Partial
Dhaka,Gopalganj,Kotalipara,101.8,40.5,65.7,36.8,33.9,73.5,53.1,Partial
Dhaka,Gopalganj,Muksudpur,94.0,41.0,54.6,37.7,38.3,67.5,49.0,No
Dhaka,Gopalganj,Tungipara,96.2,38.2,50.6,32.8,30.0,63.0,46.9,Partial
Dhaka,Kishoreganj,Astagram,104.7,39.8,58.3,36.2,35.0,70.1,51.9,No
Dhaka,Kishoreganj,Bajitpur,96.7,40.5,55.0,31.5,32.7,80.0,50.0,Partial
Dhaka,Kishoreganj,Bhairab,101.1,27.7,60.2,43.2,25.0,67.1,50.4,Yes
Dhaka,Kishoreganj,Hossainpur,99.3,41.5,54.2,29.7,30.4,77.1,47.5,Partial
Dhaka,Kishoreganj,Itna,104.2,41.8,49.1,36.9,32.4,75.5,48.7,No
Dhaka,Kishoreganj,Karimganj,96.6,39.6,63.3,33.8,33.1,61.5,52.2,Partial
Dhaka,Kishoreganj,Katiadi,100.9,46.5,60.0,35.3,36.5,73.9,46.3,Partial
Dhaka,Kishoreganj,Kishoreganj Sadar,103.3,30.1,64.9,37.8,36.0,57.4,54.0,Yes
Dhaka,Kishoreganj,Kuliarchar,105.1,42.3,59.4,35.4,33.8,71.0,50.4,Partial
Dhaka,Kishoreganj,Mithamain,102.7,42.9,60.4,42.5,26.0,78.9,52.8,No
Dhaka,Kishoreganj,Nikli,99.7,43.9,54.8,34.4,42.8,64.8,54.0,No
Dhaka,Kishoreganj,Pakundia,100.7,36.5,61.1,42.4,36.8,61.3,50.5,Partial
Dhaka,Kishoreganj,Tarail,100.0,46.6,60.5,37.5,36.9,69.3,52.2,No
Dhaka,Madaripur,Kalkini,102.7,40.2,60.2,32.3,34.3,61.8,46.8,No
Dhaka,Madaripur,Madaripur Sadar,100.8,32.8,61.5,42.5,25.0,71.2,51.6,Yes
Dhaka,Madaripur,Rajoir,104.0,40.2,51.8,31.6,33.6,69.0,48.9,No
Dhaka,Madaripur,Shibchar,95.8,46.0,66.9,26.6,26.9,62.3,49.1,Partial
Dhaka,Manikganj,Daulatpur,99.2,43.7,55.7,33.2,29.6,74.3,52.4,Partial
Dhaka,Manikganj,Ghior,98.9,35.8,62.6,39.0,30.6,57.6,49.8,No
Dhaka,Manikganj,Harirampur,98.0,44.6,60.8,36.7,34.1,62.7,55.4,No
Dhaka,Manikganj,Manikganj Sadar,99.0,38.4,59.9,33.0,32.0,67.1,52.6,Yes
Dhaka,Manikganj,Saturia,97.9,45.6,62.4,33.2,32.4,71.8,52.3,Partial
Dhaka,Manikganj,Shibalaya,94.2,39.0,53.2,31.3,32.8,74.0,49.9,No
Dhaka,Manikganj,Singair,99.4,44.7,56.0,33.8,28.2,62.9,50.8,Partial
Dhaka,Munshiganj,Gazaria,96.1,42.5,55.8,28.1,27.2,78.5,51.9,Partial
Dhaka,Munshiganj,Louhajang,103.9,39.0,56.6,25.2,29.6,76.4,52.6,Partial
Dhaka,Munshiganj,Munshiganj Sadar,98.6,37.9,64.2,28.8,30.9,76.5,55.6,Yes
Dhaka,Munshiganj,Sirajdikhan,104.7,39.8,58.5,28.8,31.4,69.1,56.1,Partial
Dhaka,Munshiganj,Sreenagar,95.1,33.2,61.2,28.7,38.2,67.1,51.7,Partial
Dhaka,Munshiganj,Tongibari,97.8,38.9,52.8,33.5,35.9,74.6,51.0,Partial
Dhaka,Narayanganj,Araihazar,95.4,38.0,61.0,31.1,35.2,66.4,51.7,Yes
Dhaka,Narayanganj,Bandar,98.4,16.2,72.1,43.1,33.4,89.6,53.2,Yes
Dhaka,Narayanganj,Narayanganj Sadar,101.1,19.0,79.4,49.0,40.1,93.4,52.6,Yes
Dhaka,Narayanganj,Rupganj,95.9,27.9,70.4,35.4,31.7,78.0,51.1,Yes
Dhaka,Narayanganj,Sonargaon,100.6,35.6,63.1,36.3,32.4,79.1,53.6,Yes
Dhaka,Narsingdi,Belabo,94.9,41.2,51.8,31.1,29.7,66.6,52.5,Partial
Dhaka,Narsingdi,Monohardi,96.5,41.1,56.9,28.9,36.1,61.5,49.0,Partial
Dhaka,Narsingdi,Narsingdi Sadar,101.0,25.5,61.1,35.6,25.0,71.6,56.8,Yes
Dhaka,Narsingdi,Palash,102.8,27.4,66.0,42.2,27.2,68.5,55.3,Yes
Dhaka,Narsingdi,Raipura,94.8,34.5,53.0,44.4,34.2,77.5,52.4,Partial
Dhaka,Narsingdi,Shibpur,102.2,41.5,70.3,34.6,31.3,70.0,51.0,Partial
Dhaka,Rajbari,Baliakandi,96.5,44.5,50.2,36.2,36.3,70.5,49.9,No
Dhaka,Rajbari,Goalandaghat,99.6,39.9,64.2,32.8,27.0,60.5,49.1,Partial
Dhaka,Rajbari,Kalukhali,94.8,35.0,58.5,41.9,33.0,72.8,52.3,Partial
Dhaka,Rajbari,Pangsha,97.4,43.0,65.8,32.3,40.4,63.1,51.2,Partial
Dhaka,Rajbari,Rajbari Sadar,104.9,33.4,64.0,35.7,26.8,73.5,50.8,Yes
Dhaka,Shariatpur,Bhedarganj,101.4,39.5,56.9,39.2,32.4,65.1,52.9,Partial
Dhaka,Shariatpur,Damudya,103.7,37.1,57.9,29.7,34.5,72.0,51.3,Partial
Dhaka,Shariatpur,Gosairhat,103.6,37.4,51.6,36.2,33.0,64.6,48.1,No
Dhaka,Shariatpur,Jajira,105.7,35.2,59.7,40.5,35.4,58.5,53.4,Partial
Dhaka,Shariatpur,Naria,98.7,41.8,54.6,30.6,37.2,71.2,55.4,Partial
Dhaka,Shariatpur,Shariatpur Sadar,94.7,33.4,60.4,35.8,31.7,71.3,50.6,Yes
Dhaka,Tangail,Basail,99.6,41.6,56.1,37.3,36.4,61.1,49.6,No
Dhaka,Tangail,Bhuapur,96.2,37.6,55.4,34.3,29.2,57.3,51.1,Partial
Dhaka,Tangail,Delduar,100.4,42.1,56.3,36.6,36.2,58.5,49.9,Partial
Dhaka,Tangail,Dhanbari,98.4,46.2,54.9,34.5,26.0,69.3,53.5,No
Dhaka,Tangail,Ghatail,100.8,46.0,65.6,30.2,33.8,74.5,52.3,Partial
Dhaka,Tangail,Gopalpur,99.8,40.5,58.3,38.3,30.8,79.8,53.0,Partial
Dhaka,Tangail,Kalihati,98.7,45.5,59.1,27.2,38.6,75.8,48.4,Partial
Dhaka,Tangail,Madhupur,96.2,43.7,59.8,43.1,33.6,70.7,50.8,Partial
Dhaka,Tangail,Mirzapur,96.1,40.7,63.4,41.0,25.0,66.9,53.7,Partial
Dhaka,Tangail,Nagarpur,104.0,42.6,54.6,33.5,30.2,61.3,53.1,No
Dhaka,Tangail,Sakhipur,98.8,38.4,62.3,31.7,30.7,68.8,49.6,No
Dhaka,Tangail,Tangail Sadar,98.7,36.4,68.4,27.6,37.1,72.4,53.2,Yes
Khulna,Bagerhat,Bagerhat Sadar,94.1,38.5,55.2,32.7,25.6,67.6,49.1,Partial
Khulna,Bagerhat,Chitalmari,105.3,42.9,55.4,32.9,29.3,70.3,50.3,No
Khulna,Bagerhat,Fakirhat,102.9,38.0,58.4,28.8,29.5,64.9,50.8,No
Khulna,Bagerhat,Kachua,99.5,44.8,59.4,38.3,28.9,74.5,53.6,No
Khulna,Bagerhat,Mollahat,102.0,39.9,62.8,35.9,32.7,77.4,54.2,No
Khulna,Bagerhat,Mongla,96.8,37.8,60.1,30.1,32.6,64.8,50.7,Partial
Khulna,Bagerhat,Morrelganj,103.8,37.5,55.4,37.9,32.3,61.8,52.0,Partial
Khulna,Bagerhat,Rampal,96.3,35.9,58.1,37.6,35.5,64.7,53.1,No
Khulna,Bagerhat,Sarankhola,97.0,47.2,52.4,31.9,36.7,65.8,46.2,No
Khulna,Chuadanga,Alamdanga,103.6,45.1,54.8,40.1,38.5,72.6,51.3,Partial
Khulna,Chuadanga,Chuadanga Sadar,95.2,37.6,65.0,40.0,35.9,73.6,52.7,Yes
Khulna,Chuadanga,Damurhuda,96.0,44.6,51.1,36.8,27.7,64.3,51.1,No
Khulna,Chuadanga,Jibannagar,99.9,37.1,61.6,28.2,34.3,73.2,50.6,No
Khulna,Jessore,Abhaynagar,102.5,44.1,51.9,38.0,34.5,56.9,46.3,Partial
Khulna,Jessore,Bagherpara,104.9,44.3,53.6,34.0,31.5,78.9,55.2,Partial
Khulna,Jessore,Chaugachha,95.1,46.9,59.1,33.2,29.3,72.6,51.5,Partial
Khulna,Jessore,Jessore Sadar,103.8,29.2,67.8,47.1,31.3,70.2,53.4,Yes
Khulna,Jessore,Jhikargachha,105.3,46.0,52.7,35.1,34.0,63.8,53.9,Partial
Khulna,Jessore,Keshabpur,97.6,35.7,62.5,34.4,34.2,67.4,51.9,No
Khulna,Jessore,Manirampur,94.0,40.0,55.8,34.7,34.0,69.0,49.2,Partial
Khulna,Jessore,Sharsha,101.9,35.5,59.8,41.2,34.5,79.7,50.6,Partial
Khulna,Jhenaidah,Harinakunda,96.7,44.1,63.9,24.0,28.3,66.0,50.5,No
Khulna,Jhenaidah,Jhenaidah Sadar,94.0,32.6,59.2,37.0,32.8,73.3,52.5,Yes
Khulna,Jhenaidah,Kaliganj,97.8,38.5,58.2,37.7,25.0,67.7,51.9,Partial
Khulna,Jhenaidah,Kotchandpur,95.8,45.1,52.7,37.4,32.3,65.5,52.1,Partial
Khulna,Jhenaidah,Maheshpur,103.8,44.1,58.2,36.0,28.1,80.5,50.1,Partial
Khulna,Jhenaidah,Shailkupa,94.5,36.2,56.7,40.7,32.5,69.9,48.9,Partial
Khulna,Khulna,Batiaghata,102.7,44.7,55.6,37.4,32.8,60.4,48.0,No
Khulna,Khulna,Dacope,95.2,37.8,60.4,26.7,35.2,54.9,51.5,No
Khulna,Khulna,Dighalia,100.8,44.0,57.3,30.3,30.5,65.8,48.8,Partial
Khulna,Khulna,Dumuria,102.5,41.0,59.5,33.9,34.4,73.7,48.1,Partial
Khulna,Khulna,Koyra,97.3,45.7,59.0,35.3,35.2,69.2,51.1,No
Khulna,Khulna,Khulna Sadar,100.7,18.1,70.2,60.1,38.3,91.2,47.1,Yes
Khulna,Khulna,Paikgachha,97.2,43.2,67.9,33.2,32.6,70.0,48.4,No
Khulna,Khulna,Phultala,101.7,30.4,63.9,36.3,30.6,72.8,47.2,Yes
Khulna,Khulna,Rupsha,105.1,34.7,66.2,39.2,34.2,85.3,49.6,Yes
Khulna,Kushtia,Bheramara,95.5,40.4,57.4,28.8,29.3,69.2,51.8,Partial
Khulna,Kushtia,Daulatpur,95.5,40.7,63.7,37.2,32.3,74.2,47.0,Partial
Khulna,Kushtia,Khoksa,99.3,43.8,59.5,29.7,29.9,81.6,50.9,Partial
Khulna,Kushtia,Kushtia Sadar,100.9,28.7,63.0,38.4,35.0,82.3,49.0,Yes
Khulna,Kushtia,Kumarkhali,95.3,35.8,65.5,29.7,36.1,72.1,49.7,Partial
Khulna,Kushtia,Mirpur,97.3,43.1,57.4,37.8,38.4,74.7,51.6,Partial
Khulna,Magura,Magura Sadar,97.9,37.0,66.6,25.9,31.3,77.3,48.0,Yes
Khulna,Magura,Mohammadpur,94.9,41.9,57.9,33.5,37.8,73.8,49.8,No
Khulna,Magura,Shalikha,95.3,38.9,54.3,33.2,34.0,78.8,50.7,No
Khulna,Magura,Sreepur,104.9,40.3,58.1,39.8,37.8,71.7,51.8,No
Khulna,Meherpur,Gangni,98.4,44.2,62.3,40.7,32.1,76.9,50.8,Partial
Khulna,Meherpur,Meherpur Sadar,104.8,42.1,60.7,37.2,33.5,74.3,51.6,Partial
Khulna,Meherpur,Mujibnagar,99.0,43.7,59.2,34.9,32.1,70.9,49.8,No
Khulna,Narail,Kalia,97.9,45.6,51.7,36.8,38.2,64.4,52.6,Partial
Khulna,Narail,Lohagara,95.8,37.2,58.3,36.5,28.3,67.4,48.3,No
Khulna,Narail,Narail Sadar,100.3,37.8,66.6,42.4,36.3,77.1,52.0,Yes
Khulna,Satkhira,Assasuni,94.3,41.1,49.9,28.2,33.9,64.8,55.2,No
Khulna,Satkhira,Debhata,105.4,44.3,56.8,30.4,31.9,68.5,53.9,No
Khulna,Satkhira,Kalaroa,99.9,47.0,59.2,36.9,35.4,75.6,52.5,Partial
Khulna,Satkhira,Kaliganj,101.1,37.5,61.9,37.6,30.9,71.0,51.4,No
Khulna,Satkhira,Satkhira Sadar,102.5,33.5,60.4,31.1,37.7,77.3,51.0,Yes
Khulna,Satkhira,Shyamnagar,103.4,47.1,62.0,39.4,31.1,74.2,51.7,No
Khulna,Satkhira,Tala,104.9,46.4,56.3,38.8,31.0,64.7,50.5,No
Mymensingh,Jamalpur,Baksiganj,95.0,39.5,58.6,22.1,31.8,57.2,52.9,Partial
Mymensingh,Jamalpur,Dewanganj,105.2,37.0,57.9,40.7,37.4,68.3,51.4,Partial
Mymensingh,Jamalpur,Islampur,97.7,45.6,53.9,28.4,32.5,64.7,50.1,Partial
Mymensingh,Jamalpur,Jamalpur Sadar,98.3,30.7,62.6,36.8,31.8,85.8,49.3,Yes
Mymensingh,Jamalpur,Madarganj,95.1,37.4,65.5,36.1,36.9,76.7,52.8,Partial
Mymensingh,Jamalpur,Melandaha,94.7,46.3,61.8,31.3,36.8,67.1,54.5,Partial
Mymensingh,Jamalpur,Sarishabari,95.7,38.6,55.4,41.3,32.1,77.1,51.7,Partial
Mymensingh,Mymensingh,Bhaluka,97.0,32.0,58.9,27.2,34.1,68.4,52.2,Partial
Mymensingh,Mymensingh,Dhobaura,98.3,40.3,55.2,24.9,30.2,67.9,50.1,No
Mymensingh,Mymensingh,Fulbaria,96.0,38.7,59.2,29.6,36.5,74.7,47.5,Partial
Mymensingh,Mymensingh,Gaffargaon,104.4,37.2,56.0,30.2,32.4,70.7,55.0,Partial
Mymensingh,Mymensingh,Gauripur,97.4,43.5,55.4,28.4,34.2,70.8,52.4,Partial
Mymensingh,Mymensingh,Haluaghat,102.6,36.0,61.0,31.2,35.7,72.3,51.6,No
Mymensingh,Mymensingh,Ishwarganj,105.2,39.1,72.6,30.6,40.0,70.3,54.4,Partial
Mymensingh,Mymensingh,Mymensingh Sadar,100.4,26.2,65.2,46.5,33.5,74.1,51.7,Yes
Mymensingh,Mymensingh,Muktagachha,98.5,44.7,64.3,30.9,25.2,70.2,47.9,Partial
Mymensingh,Mymensingh,Nandail,97.4,36.9,64.1,36.4,30.1,80.5,50.4,Partial
Mymensingh,Mymensingh,Phulpur,103.4,41.9,54.7,22.1,42.3,70.0,51.7,Partial
Mymensingh,Mymensingh,Trishal,104.9,42.1,61.3,31.1,31.3,62.1,51.2,Partial
Mymensingh,Netrokona,Atpara,103.6,46.2,46.4,32.0,32.1,71.5,49.9,No
Mymensingh,Netrokona,Barhatta,99.0,38.8,53.5,39.2,35.8,70.5,49.8,No
Mymensingh,Netrokona,Durgapur,105.6,48.4,50.7,30.6,30.7,65.0,55.4,No
Mymensingh,Netrokona,Kalmakanda,100.5,48.2,62.5,37.0,32.9,62.6,54.0,No
Mymensingh,Netrokona,Kendua,102.4,47.2,55.0,27.9,25.7,64.2,51.4,No
Mymensingh,Netrokona,Khaliajuri,96.4,46.7,53.4,24.1,37.6,74.8,50.8,No
Mymensingh,Netrokona,Madan,98.1,40.5,52.2,30.3,29.5,75.3,51.6,No
Mymensingh,Netrokona,Mohanganj,103.6,38.1,60.4,29.1,35.8,65.4,49.9,No
Mymensingh,Netrokona,Netrokona Sadar,104.6,35.0,63.3,34.7,36.4,82.2,50.9,Yes
Mymensingh,Netrokona,Purbadhala,97.5,36.3,66.5,34.5,38.3,59.7,52.4,No
Mymensingh,Sherpur,Jhenaigati,101.8,38.0,66.1,28.0,37.2,64.9,49.4,No
Mymensingh,Sherpur,Nakla,97.6,44.4,54.7,35.7,36.3,71.3,47.1,Partial
Mymensingh,Sherpur,Nalitabari,103.6,43.7,57.7,27.3,26.4,70.4,51.2,No
Mymensingh,Sherpur,Sherpur Sadar,105.6,32.0,73.0,40.7,36.9,65.2,52.1,Yes
Mymensingh,Sherpur,Sreebardi,104.8,37.6,53.4,36.4,37.8,70.0,50.8,No
Rajshahi,Bogura,Adamdighi,98.3,44.2,55.5,35.9,33.0,67.5,51.9,No
Rajshahi,Bogura,Bogura Sadar,102.2,34.7,70.4,37.8,34.9,84.8,46.7,Yes
Rajshahi,Bogura,Dhunat,101.7,41.9,52.0,29.1,30.2,65.1,50.3,Partial
Rajshahi,Bogura,Dupchanchia,94.3,46.6,68.5,31.7,28.4,63.2,53.2,Partial
Rajshahi,Bogura,Gabtali,100.7,42.1,62.9,20.6,31.9,67.8,50.6,Partial
Rajshahi,Bogura,Kahaloo,101.8,47.1,63.0,27.8,36.5,61.1,50.6,Partial
Rajshahi,Bogura,Nandigram,100.9,43.9,51.1,37.5,34.7,65.7,53.3,No
Rajshahi,Bogura,Sariakandi,102.9,36.2,52.2,41.4,25.1,65.0,50.3,No
Rajshahi,Bogura,Shajahanpur,99.9,38.0,66.6,32.5,35.3,63.0,48.2,Partial
Rajshahi,Bogura,Sherpur,96.1,44.9,55.6,36.8,31.6,66.3,54.2,Partial
Rajshahi,Bogura,Shibganj,100.3,35.4,60.5,28.0,31.1,69.4,55.0,Partial
Rajshahi,Bogura,Sonatola,99.1,36.1,59.4,29.6,31.0,65.6,52.2,No
Rajshahi,Chapainawabganj,Bholahat,101.8,45.4,59.5,30.9,30.3,75.2,50.7,No
Rajshahi,Chapainawabganj,Chapainawabganj Sadar,99.7,31.1,56.7,33.7,32.1,67.7,49.5,Yes
Rajshahi,Chapainawabganj,Gomastapur,104.4,42.2,57.9,38.6,30.7,70.6,50.0,No
Rajshahi,Chapainawabganj,Nachole,105.4,44.5,65.1,30.7,34.3,62.3,52.2,No
Rajshahi,Chapainawabganj,Shibganj,102.1,36.2,56.3,32.3,33.1,73.7,53.8,No
Rajshahi,Joypurhat,Akkelpur,104.0,41.9,63.8,37.7,26.5,75.6,50.6,Partial
Rajshahi,Joypurhat,Joypurhat Sadar,104.8,32.3,57.8,36.2,31.1,68.6,48.1,Yes
Rajshahi,Joypurhat,Kalai,100.6,39.4,58.9,30.1,39.6,66.9,52.0,Partial
Rajshahi,Joypurhat,Khetlal,101.5,45.9,57.5,42.6,31.9,65.8,51.3,No
Rajshahi,Joypurhat,Panchbibi,98.8,40.0,59.1,32.9,33.7,65.0,49.1,No
Rajshahi,Naogaon,Atrai,104.3,45.8,53.4,22.4,27.6,64.9,47.4,No
Rajshahi,Naogaon,Badalgachhi,96.8,42.4,57.8,34.9,26.7,68.5,49.2,No
Rajshahi,Naogaon,Dhamoirhat,103.6,44.2,55.8,30.7,31.1,65.6,46.8,No
Rajshahi,Naogaon,Manda,95.2,35.5,59.5,38.3,34.2,72.7,53.6,Partial
Rajshahi,Naogaon,Mahadebpur,94.3,42.1,56.9,28.0,32.4,67.4,48.8,No
Rajshahi,Naogaon,Naogaon Sadar,101.4,38.4,66.4,44.9,32.9,69.0,49.3,Yes
Rajshahi,Naogaon,Niamatpur,106.0,44.8,54.1,31.1,30.8,78.1,50.7,No
Rajshahi,Naogaon,Patnitala,101.4,45.2,58.4,28.6,28.5,64.7,48.7,No
Rajshahi,Naogaon,Porsha,94.9,46.5,55.7,24.0,33.9,67.3,51.4,No
Rajshahi,Naogaon,Raninagar,95.7,37.8,53.4,30.6,31.7,64.8,52.1,No
Rajshahi,Naogaon,Sapahar,98.4,45.2,61.6,33.0,33.9,65.8,52.4,No
Rajshahi,Natore,Bagatipara,95.0,46.0,57.7,40.4,41.3,66.2,48.9,No
Rajshahi,Natore,Baraigram,102.5,36.3,60.9,34.8,36.2,79.9,56.2,No
Rajshahi,Natore,Gurudaspur,105.5,40.9,59.4,36.5,35.2,71.4,51.9,Partial
Rajshahi,Natore,Lalpur,97.6,40.2,62.2,23.5,27.0,75.8,49.2,No
Rajshahi,Natore,Natore Sadar,95.6,38.6,61.0,38.9,31.1,70.1,47.9,Yes
Rajshahi,Natore,Singra,94.7,45.4,52.3,37.4,33.0,71.6,53.6,Partial
Rajshahi,Pabna,Atgharia,94.0,44.4,61.8,33.4,31.0,69.1,52.3,No
Rajshahi,Pabna,Bera,96.3,40.6,61.3,35.1,25.0,69.3,50.0,Partial
Rajshahi,Pabna,Bhangura,101.5,41.4,46.6,31.5,28.7,54.5,47.3,No
Rajshahi,Pabna,Chatmohar,105.2,35.6,50.8,33.4,39.8,68.3,53.0,No
Rajshahi,Pabna,Faridpur,97.9,43.9,52.3,34.0,32.6,59.7,49.6,No
Rajshahi,Pabna,Ishwardi,97.5,36.3,65.3,31.8,33.1,77.2,54.2,Yes
Rajshahi,Pabna,Pabna Sadar,101.4,26.2,67.5,46.2,34.4,78.7,51.8,Yes
Rajshahi,Pabna,Santhia,100.8,39.1,54.4,30.1,36.3,59.2,48.3,Partial
Rajshahi,Pabna,Sujanagar,96.8,42.3,56.2,30.8,35.8,71.5,47.8,No
Rajshahi,Rajshahi,Bagha,98.9,44.2,57.0,27.9,35.9,60.7,46.9,Partial
Rajshahi,Rajshahi,Bagmara,99.5,46.4,61.3,33.5,30.9,64.0,51.3,Partial
Rajshahi,Rajshahi,Charghat,94.9,34.0,67.4,32.8,35.2,65.8,51.9,Partial
Rajshahi,Rajshahi,Durgapur,98.6,38.3,49.7,20.9,34.7,68.0,45.3,Partial
Rajshahi,Rajshahi,Godagari,97.6,45.4,64.2,40.4,31.0,57.9,48.6,Partial
Rajshahi,Rajshahi,Mohanpur,98.4,36.7,61.3,30.2,34.4,71.7,53.0,Partial
Rajshahi,Rajshahi,Paba,105.8,38.6,64.8,41.4,35.1,69.7,48.8,Yes
Rajshahi,Rajshahi,Putia,95.3,37.5,62.1,28.1,33.0,66.1,49.7,Partial
Rajshahi,Rajshahi,Rajshahi Sadar,99.4,15.7,70.7,41.4,37.5,89.9,51.9,Yes
Rajshahi,Sirajganj,Belkuchi,104.9,37.9,50.9,32.0,30.8,78.7,52.2,Partial
Rajshahi,Sirajganj,Chauhali,103.9,42.6,60.5,39.3,31.2,57.1,47.7,No
Rajshahi,Sirajganj,Kamarkhand,105.3,36.6,66.2,25.9,30.6,72.9,51.2,Partial
Rajshahi,Sirajganj,Kazipur,96.5,44.3,60.3,38.1,25.3,75.5,49.8,Partial
Rajshahi,Sirajganj,Raiganj,102.9,43.4,49.5,30.3,27.2,69.4,54.9,Partial
Rajshahi,Sirajganj,Shahjadpur,99.6,31.6,50.8,27.3,30.6,84.1,51.8,Partial
Rajshahi,Sirajganj,Sirajganj Sadar,95.3,24.6,66.4,40.8,38.3,85.5,46.6,Yes
Rajshahi,Sirajganj,Tarash,95.3,45.6,59.5,32.9,33.9,76.4,48.8,No
Rajshahi,Sirajganj,Ullahpara,97.5,39.0,57.4,27.5,32.9,71.0,50.0,Partial
Rangpur,Dinajpur,Birampur,95.4,37.6,49.4,34.0,37.1,63.0,53.1,No
Rangpur,Dinajpur,Birganj,105.1,42.0,63.0,37.4,27.9,62.2,48.4,Partial
Rangpur,Dinajpur,Biral,105.3,35.7,66.5,34.6,25.0,68.4,56.1,No
Rangpur,Dinajpur,Bochaganj,102.8,36.2,57.9,31.6,27.2,61.2,50.3,No
Rangpur,Dinajpur,Chirirbandar,101.4,44.6,59.5,30.2,32.6,58.1,51.6,No
Rangpur,Dinajpur,Dinajpur Sadar,103.0,24.5,66.4,34.1,34.5,69.4,47.6,Yes
Rangpur,Dinajpur,Fulbari,101.6,47.0,53.5,28.8,40.6,76.2,50.6,No
Rangpur,Dinajpur,Ghoraghat,104.7,36.4,58.6,32.9,32.1,66.0,48.7,No
Rangpur,Dinajpur,Hakimpur,97.6,36.4,59.5,36.8,40.5,73.5,50.8,No
Rangpur,Dinajpur,Kaharole,104.7,45.4,63.6,37.1,39.4,69.1,50.6,No
Rangpur,Dinajpur,Khansama,101.2,45.1,74.7,39.2,28.9,74.7,53.2,No
Rangpur,Dinajpur,Nawabganj,103.5,40.8,45.8,22.1,25.9,72.2,50.1,No
Rangpur,Dinajpur,Parbatipur,103.6,41.0,57.6,40.0,40.8,76.5,50.3,Partial
Rangpur,Gaibandha,Fulchhari,95.1,37.6,60.6,41.7,32.7,60.2,51.4,No
Rangpur,Gaibandha,Gaibandha Sadar,95.8,35.8,58.5,40.9,25.5,71.2,48.5,Yes
Rangpur,Gaibandha,Gobindaganj,96.3,35.9,58.4,29.7,31.5,75.2,54.2,Partial
Rangpur,Gaibandha,Palashbari,96.1,44.3,56.5,32.5,36.7,54.7,51.7,Partial
Rangpur,Gaibandha,Sadullapur,100.4,43.5,50.6,34.5,32.0,68.2,49.2,Partial
Rangpur,Gaibandha,Saghata,95.3,43.1,57.4,19.3,34.0,74.9,53.1,No
Rangpur,Gaibandha,Sundarganj,100.2,36.2,54.3,37.9,33.8,66.1,49.3,Partial
Rangpur,Kurigram,Bhurungamari,96.2,42.3,61.5,26.9,25.4,70.7,51.1,No
Rangpur,Kurigram,Char Rajibpur,104.1,42.8,59.7,34.7,28.9,67.8,55.8,No
Rangpur,Kurigram,Chilmari,96.2,46.2,61.4,32.3,31.2,71.8,50.3,No
Rangpur,Kurigram,Kurigram Sadar,102.8,40.0,66.3,27.4,32.4,82.1,51.7,Yes
Rangpur,Kurigram,Nageshwari,102.6,43.4,59.3,27.3,25.0,66.1,53.4,Partial
Rangpur,Kurigram,Phulbari,101.4,47.0,61.0,29.1,30.7,60.9,51.1,No
Rangpur,Kurigram,Rajarhat,97.8,36.6,67.9,30.9,31.6,70.1,50.6,No
Rangpur,Kurigram,Raumari,96.6,46.4,50.7,38.4,27.9,64.7,52.2,No
Rangpur,Kurigram,Ulipur,95.7,43.2,57.5,36.8,28.4,77.2,51.0,Partial
Rangpur,Lalmonirhat,Aditmari,96.0,42.0,49.2,28.0,44.5,68.4,48.8,No
Rangpur,Lalmonirhat,Hatibandha,102.2,43.4,47.8,34.8,26.5,59.0,55.7,No
Rangpur,Lalmonirhat,Kaliganj,98.0,46.2,66.1,26.1,38.2,66.4,48.8,No
Rangpur,Lalmonirhat,Lalmonirhat Sadar,94.9,40.0,54.8,41.7,36.3,67.7,53.6,Yes
Rangpur,Lalmonirhat,Patgram,97.0,43.9,60.7,33.4,39.4,70.0,51.4,No
Rangpur,Nilphamari,Dimla,95.5,40.2,52.2,40.2,39.3,63.4,51.1,No
Rangpur,Nilphamari,Domar,98.3,45.9,56.3,25.6,31.0,69.4,46.2,Partial
Rangpur,Nilphamari,Jaldhaka,104.4,45.6,60.2,36.7,30.1,64.0,51.0,No
Rangpur,Nilphamari,Kishoreganj,104.0,46.2,61.6,32.6,40.8,70.7,53.4,No
Rangpur,Nilphamari,Nilphamari Sadar,94.4,31.3,59.5,33.0,39.6,74.4,49.9,Yes
Rangpur,Nilphamari,Saidpur,94.0,21.8,64.4,40.9,31.5,90.8,48.5,Yes
Rangpur,Panchagarh,Atwari,102.5,40.0,58.7,37.6,31.2,70.2,50.4,No
Rangpur,Panchagarh,Boda,95.4,38.7,50.7,26.5,31.3,59.0,50.9,No
Rangpur,Panchagarh,Debiganj,101.9,41.0,62.5,23.7,34.4,61.0,52.9,No
Rangpur,Panchagarh,Panchagarh Sadar,94.5,33.2,57.2,29.8,39.2,72.9,52.4,Partial
Rangpur,Panchagarh,Tetulia,100.6,47.4,67.3,35.3,27.7,73.4,49.7,No
Rangpur,Rangpur,Badarganj,102.2,35.9,50.4,35.3,34.2,68.8,51.4,Partial
Rangpur,Rangpur,Gangachara,104.6,39.7,60.2,35.1,30.0,67.0,49.3,No
Rangpur,Rangpur,Kaunia,95.1,35.9,58.1,32.3,25.0,68.9,49.7,No
Rangpur,Rangpur,Mithapukur,101.0,35.6,58.8,34.9,28.1,71.9,51.3,Partial
Rangpur,Rangpur,Pirgachha,96.0,38.4,57.5,35.5,34.1,66.2,49.3,Partial
Rangpur,Rangpur,Pirganj,99.6,41.0,70.1,22.7,27.5,62.4,47.6,Partial
Rangpur,Rangpur,Rangpur Sadar,103.6,32.8,65.2,39.5,35.6,81.8,53.0,Yes
Rangpur,Rangpur,Taraganj,102.4,41.9,65.7,27.2,30.5,75.7,52.4,No
Rangpur,Thakurgaon,Baliadangi,100.5,47.1,58.2,37.7,33.7,73.1,52.1,No
Rangpur,Thakurgaon,Haripur,94.5,44.8,65.8,39.0,28.4,70.2,51.1,No
Rangpur,Thakurgaon,Pirganj,102.7,47.3,57.6,32.2,36.2,76.8,55.1,No
Rangpur,Thakurgaon,Ranisankail,95.3,39.2,51.8,35.5,30.5,73.4,52.0,No
Rangpur,Thakurgaon,Thakurgaon Sadar,95.8,37.1,70.7,41.9,34.6,77.0,50.3,Yes
Sylhet,Habiganj,Ajmiriganj,101.0,44.5,59.3,34.0,26.7,63.1,50.5,No
Sylhet,Habiganj,Bahubal,96.0,46.9,48.0,35.3,34.2,70.4,48.9,No
Sylhet,Habiganj,Baniachong,98.9,40.7,64.3,41.5,32.4,74.0,48.8,Partial
Sylhet,Habiganj,Chunarughat,96.6,44.2,56.5,23.8,33.5,79.7,52.5,No
Sylhet,Habiganj,Habiganj Sadar,96.5,33.7,68.2,40.1,35.6,68.8,46.0,Yes
Sylhet,Habiganj,Lakhai,102.3,44.8,61.9,24.4,39.4,63.0,49.5,No
Sylhet,Habiganj,Madhabpur,104.6,39.2,65.0,36.3,34.3,68.0,49.8,Partial
Sylhet,Habiganj,Nabiganj,98.9,35.4,58.3,33.0,33.3,68.3,48.1,Partial
Sylhet,Moulvibazar,Barlekha,94.0,47.9,55.9,28.8,28.4,61.1,48.8,No
Sylhet,Moulvibazar,Juri,94.6,47.6,56.5,28.9,30.3,68.6,50.7,No
Sylhet,Moulvibazar,Kamalganj,103.6,42.6,54.1,34.7,37.8,62.5,46.6,No
Sylhet,Moulvibazar,Kulaura,101.3,37.3,59.9,18.1,25.3,84.7,49.7,Partial
Sylhet,Moulvibazar,Moulvibazar Sadar,98.5,33.3,61.0,39.8,32.4,73.4,50.7,Yes
Sylhet,Moulvibazar,Rajnagar,105.9,44.1,55.2,27.3,33.4,59.1,47.7,No
Sylhet,Moulvibazar,Sreemangal,99.6,34.4,56.8,35.6,36.4,61.2,48.2,Partial
Sylhet,Sunamganj,Bishwamvarpur,95.5,43.4,51.0,35.5,29.8,64.2,53.2,No
Sylhet,Sunamganj,Chhatak,98.9,41.3,60.6,34.4,32.1,75.1,53.3,Partial
Sylhet,Sunamganj,Derai,98.6,47.1,57.2,29.6,29.3,60.2,47.8,No
Sylhet,Sunamganj,Dharampasha,98.5,46.6,58.0,21.7,35.4,76.9,47.8,No
Sylhet,Sunamganj,Dowarabazar,94.8,41.9,52.6,32.2,35.3,66.9,52.9,No
Sylhet,Sunamganj,Jamalganj,100.6,38.9,55.9,23.1,32.2,66.1,48.7,No
Sylhet,Sunamganj,Jagannathpur,105.4,46.7,63.6,37.9,36.3,67.7,54.1,No
Sylhet,Sunamganj,Sulla,105.0,38.0,63.1,32.5,32.3,54.3,50.2,No
Sylhet,Sunamganj,Sunamganj Sadar,94.7,31.1,62.8,39.5,31.2,79.2,48.8,Yes
Sylhet,Sunamganj,Tahirpur,100.6,36.7,54.8,26.8,25.0,64.1,52.6,No
Sylhet,Sylhet,Balaganj,100.9,37.1,49.9,36.6,36.2,68.1,53.3,Partial
Sylhet,Sylhet,Beani Bazar,102.2,45.0,58.9,32.2,27.7,59.5,48.0,Partial
Sylhet,Sylhet,Bishwanath,99.5,34.4,59.3,38.4,33.8,69.4,49.0,Partial
Sylhet,Sylhet,Companiganj,102.3,39.9,59.5,37.3,28.3,69.7,49.0,No
Sylhet,Sylhet,Dakshin Surma,104.7,35.7,57.5,31.8,30.6,67.6,50.0,Partial
Sylhet,Sylhet,Fenchuganj,96.3,33.6,63.1,27.0,25.5,73.7,50.3,Partial
Sylhet,Sylhet,Golapganj,99.9,38.3,64.9,30.9,25.0,64.3,50.1,Partial
Sylhet,Sylhet,Gowainghat,98.5,45.7,52.5,32.7,26.3,67.4,49.4,No
Sylhet,Sylhet,Jaintiapur,98.0,39.6,64.3,39.4,30.5,70.2,50.9,No
Sylhet,Sylhet,Kanaighat,98.2,47.6,52.3,23.4,29.8,71.4,52.1,No
Sylhet,Sylhet,Osmani Nagar,98.9,35.4,63.1,38.3,37.0,66.0,51.8,Partial
Sylhet,Sylhet,Sylhet Sadar,94.8,30.0,69.9,43.5,35.5,84.5,54.0,Yes
Sylhet,Sylhet,Zakiganj,97.7,37.7,60.8,33.9,39.7,80.9,54.6,No
