Division,District,Upazila,Cultivable Land (%),Irrigated Land (%),Rice,Jute,Wheat,Vegetables,Fisheries,Tea,Agri Households (%)
Barisal,Barguna,Amtali,72.5,47.0,Yes,Some,Some,Yes,Yes,No,60.1
Barisal,Barguna,Bamna,51.8,59.9,Yes,Some,Some,Yes,Some,No,50.8
Barisal,Barguna,Barguna Sadar,60.8,33.9,Yes,Some,Some,Yes,Yes,No,43.2
Barisal,Barguna,Betagi,63.7,61.0,Yes,Some,Some,Yes,Some,No,67.7
Barisal,Barguna,Patharghata,55.9,42.3,Yes,Some,Some,Yes,Yes,No,56.6
Barisal,Barguna,Taltali,50.6,37.7,Yes,Some,Some,Yes,Yes,No,60.2
Barisal,Barisal,Agailjhara,49.4,17.1,Yes,Some,Some,Yes,Yes,No,49.1
Barisal,Barisal,Babuganj,59.1,32.0,Yes,Some,Some,Yes,Some,No,62.9
Barisal,Barisal,Bakerganj,64.3,59.7,Yes,Some,Some,Yes,Some,No,54.7
Barisal,Barisal,Banari Para,60.3,31.4,Yes,Some,Some,Yes,Some,No,60.1
Barisal,Barisal,Barisal Sadar,37.8,50.9,Yes,Some,Some,Yes,Some,No,20.0
Barisal,Barisal,Gaurnadi,42.8,46.8,Yes,Some,Some,Yes,Some,No,52.8
Barisal,Barisal,Hizla,77.3,28.8,Yes,Some,Some,Yes,Yes,No,49.6
Barisal,Barisal,Mehendiganj,61.6,42.9,Yes,Some,Some,Yes,Yes,No,74.2
Barisal,Barisal,Muladi,48.7,73.0,Yes,Some,Some,Yes,Some,No,51.4
Barisal,Barisal,Wazirpur,58.1,45.9,Yes,Some,Some,Yes,Some,No,50.8
Barisal,Bhola,Bhola Sadar,63.8,58.4,Yes,Some,Some,Yes,Some,No,44.3
Barisal,Bhola,Burhanuddin,68.0,37.4,Yes,Some,Some,Yes,Some,No,64.1
Barisal,Bhola,Char Fasson,60.9,38.2,Yes,Some,Some,Yes,Yes,No,58.4
Barisal,Bhola,Daulatkhan,51.8,23.7,Yes,Some,Some,Yes,Yes,No,65.3
Barisal,Bhola,Lalmohan,53.4,38.5,Yes,Some,Some,Yes,Some,No,47.8
Barisal,Bhola,Manpura,63.1,19.5,Yes,Some,Some,Yes,Yes,No,53.7
Barisal,Bhola,Tazumuddin,61.4,31.9,Yes,Some,Some,Yes,Yes,No,62.1
Barisal,Jhalokati,Jhalokati Sadar,58.9,63.3,Yes,Some,Some,Yes,Some,No,49.5
Barisal,Jhalokati,Kathalia,53.8,39.7,Yes,Some,Some,Yes,Some,No,69.8
Barisal,Jhalokati,Nalchity,63.8,53.7,Yes,Some,Some,Yes,Some,No,60.3
Barisal,Jhalokati,Rajapur,73.7,71.7,Yes,Some,Some,Yes,Some,No,47.5
Barisal,Patuakhali,Bauphal,61.0,77.1,Yes,Some,Some,Yes,Yes,No,56.2
Barisal,Patuakhali,Dashmina,59.2,39.0,Yes,Some,Some,Yes,Yes,No,61.5
Barisal,Patuakhali,Dumki,56.5,69.7,Yes,Some,Some,Yes,Some,No,51.7
Barisal,Patuakhali,Galachipa,56.8,52.6,Yes,Some,Some,Yes,Yes,No,55.7
Barisal,Patuakhali,Kalapara,56.0,53.3,Yes,Some,Some,Yes,Yes,No,55.1
Barisal,Patuakhali,Mirzaganj,60.3,29.6,Yes,Some,Some,Yes,Some,No,65.3
Barisal,Patuakhali,Patuakhali Sadar,36.9,40.0,Yes,Some,Some,Yes,Some,No,57.4
Barisal,Patuakhali,Rangabali,43.8,81.3,Yes,Some,Some,Yes,Yes,No,56.4
Barisal,Pirojpur,Bhandaria,56.2,49.7,Yes,Some,Some,Yes,Some,No,63.4
Barisal,Pirojpur,Kawkhali,57.8,59.8,Yes,Some,Some,Yes,Some,No,63.3
Barisal,Pirojpur,Mathbaria,71.1,53.5,Yes,Some,Some,Yes,Yes,No,53.3
Barisal,Pirojpur,Nazirpur,49.2,39.6,Yes,Some,Some,Yes,Some,No,55.5
Barisal,Pirojpur,Pirojpur Sadar,48.3,61.7,Yes,Some,Some,Yes,Some,No,38.2
Barisal,Pirojpur,Nesarabad,53.8,61.9,Yes,Some,Some,Yes,Some,No,55.3
Barisal,Pirojpur,Zianagar,58.9,59.6,Yes,Some,Some,Yes,Some,No,67.4
Chittagong,Bandarban,Ali Kadam,71.5,38.6,Yes,Some,Some,Yes,Some,No,49.7
Chittagong,Bandarban,Bandarban Sadar,51.4,34.6,Yes,Some,Some,Yes,Some,No,44.6
Chittagong,Bandarban,Lama,53.6,66.7,Yes,Some,Some,Yes,Some,No,56.0
Chittagong,Bandarban,Naikhongchhari,60.2,64.5,Yes,Some,Some,Yes,Some,No,63.6
Chittagong,Bandarban,Rowangchhari,58.8,54.0,Yes,Some,Some,Yes,Some,No,69.2
Chittagong,Bandarban,Ruma,68.4,47.8,Yes,Some,Some,Yes,Some,No,63.9
Chittagong,Bandarban,Thanchi,63.5,70.2,Yes,Some,Some,Yes,Some,No,59.4
Chittagong,Brahmanbaria,Akhaura,52.0,81.6,Yes,Some,Some,Yes,Some,No,37.6
Chittagong,Brahmanbaria,Ashuganj,48.9,73.4,Yes,Some,Some,Yes,Some,No,56.1
Chittagong,Brahmanbaria,Bancharampur,64.5,55.8,Yes,Some,Some,Yes,Some,No,55.5
Chittagong,Brahmanbaria,Bijoynagar,45.1,36.6,Yes,Some,Some,Yes,Some,No,63.9
Chittagong,Brahmanbaria,Brahmanbaria Sadar,39.1,45.9,Yes,Some,Some,Yes,Some,No,38.7
Chittagong,Brahmanbaria,Kasba,54.9,43.1,Yes,Some,Some,Yes,Some,No,40.8
Chittagong,Brahmanbaria,Nabinagar,60.2,49.7,Yes,Some,Some,Yes,Some,No,56.5
Chittagong,Brahmanbaria,Nasirnagar,55.3,59.9,Yes,Some,Some,Yes,Some,No,51.8
Chittagong,Brahmanbaria,Sarail,69.5,62.1,Yes,Some,Some,Yes,Some,No,61.8
Chittagong,Chandpur,Chandpur Sadar,45.2,16.1,Yes,Some,Some,Yes,Yes,No,36.1
Chittagong,Chandpur,Faridganj,43.8,50.5,Yes,Some,Some,Yes,Yes,No,58.3
Chittagong,Chandpur,Haimchar,75.4,39.6,Yes,Some,Some,Yes,Yes,No,54.5
Chittagong,Chandpur,Haziganj,44.0,90.0,Yes,Some,Some,Yes,Some,No,58.7
Chittagong,Chandpur,Kachua,68.9,43.7,Yes,Some,Some,Yes,Some,No,55.1
Chittagong,Chandpur,Matlab Dakshin,56.5,15.6,Yes,Some,Some,Yes,Yes,No,52.4
Chittagong,Chandpur,Matlab Uttar,57.9,54.3,Yes,Some,Some,Yes,Yes,No,63.5
Chittagong,Chandpur,Shahrasti,59.9,40.7,Yes,Some,Some,Yes,Some,No,50.8
Chittagong,Chittagong,Anwara,51.1,77.6,Yes,Some,Some,Yes,Some,No,55.2
Chittagong,Chittagong,Banshkhali,57.5,74.3,Yes,Some,Some,Yes,Some,No,59.5
Chittagong,Chittagong,Boalkhali,58.7,32.8,Yes,Some,Some,Yes,Some,No,58.3
Chittagong,Chittagong,Chandanaish,47.7,48.6,Yes,Some,Some,Yes,Some,No,47.4
Chittagong,Chittagong,Chittagong Sadar,41.1,58.2,Yes,Some,Some,Yes,Some,No,20.0
Chittagong,Chittagong,Fatikchhari,49.8,42.7,Yes,Some,Some,Yes,Some,Yes,57.4
Chittagong,Chittagong,Hathazari,38.0,62.2,Yes,Some,Some,Yes,Some,No,56.7
Chittagong,Chittagong,Karnaphuli,49.0,55.6,Yes,Some,Some,Yes,Some,No,52.0
Chittagong,Chittagong,Lohagara,64.4,53.9,Yes,Some,Some,Yes,Some,No,53.8
Chittagong,Chittagong,Mirsharai,53.2,49.5,Yes,Some,Some,Yes,Some,No,41.4
Chittagong,Chittagong,Patiya,56.6,31.3,Yes,Some,Some,Yes,Some,No,52.0
Chittagong,Chittagong,Rangunia,57.7,44.8,Yes,Some,Some,Yes,Some,No,45.2
Chittagong,Chittagong,Raozan,58.7,53.6,Yes,Some,Some,Yes,Some,No,53.3
Chittagong,Chittagong,Sandwip,60.0,37.2,Yes,Some,Some,Yes,Yes,No,63.1
Chittagong,Chittagong,Satkania,58.0,62.5,Yes,Some,Some,Yes,Some,No,50.6
Chittagong,Chittagong,Sitakunda,45.4,54.3,Yes,Some,Some,Yes,Some,No,49.2
Chittagong,Comilla,Barura,57.8,68.8,Yes,Some,Some,Yes,Some,No,46.2
Chittagong,Comilla,Brahmanpara,59.0,29.3,Yes,Some,Some,Yes,Some,No,67.4
Chittagong,Comilla,Burichang,59.3,73.3,Yes,Some,Some,Yes,Some,No,64.7
Chittagong,Comilla,Chandina,51.2,44.2,Yes,Some,Some,Yes,Some,No,62.4
Chittagong,Comilla,Chauddagram,50.8,48.0,Yes,Some,Some,Yes,Some,No,52.7
Chittagong,Comilla,Comilla Sadar,26.0,80.4,Yes,Some,Some,Yes,Some,No,31.8
Chittagong,Comilla,Comilla Sadar Dakshin,49.9,29.9,Yes,Some,Some,Yes,Some,No,49.2
Chittagong,Comilla,Daudkandi,61.5,76.7,Yes,Some,Some,Yes,Some,No,66.4
Chittagong,Comilla,Debidwar,58.6,74.5,Yes,Some,Some,Yes,Some,No,56.4
Chittagong,Comilla,Homna,66.1,53.4,Yes,Some,Some,Yes,Yes,No,54.0
Chittagong,Comilla,Laksam,64.5,46.8,Yes,Some,Some,Yes,Some,No,45.1
Chittagong,Comilla,Lalmai,49.1,63.3,Yes,Some,Some,Yes,Some,No,58.6
Chittagong,Comilla,Manoharganj,64.9,52.5,Yes,Some,Some,Yes,Some,No,48.6
Chittagong,Comilla,Meghna,67.8,60.5,Yes,Some,Some,Yes,Yes,No,58.5
Chittagong,Comilla,Muradnagar,49.8,38.8,Yes,Some,Some,Yes,Some,No,58.8
Chittagong,Comilla,Nangalkot,51.8,59.8,Yes,Some,Some,Yes,Some,No,57.1
Chittagong,Comilla,Titas,62.0,64.6,Yes,Some,Some,Yes,Yes,No,61.8
Chittagong,Cox's Bazar,Chakaria,59.2,36.6,Yes,Some,Some,Yes,Yes,No,53.6
Chittagong,Cox's Bazar,Cox's Bazar Sadar,53.8,53.3,Yes,Some,Some,Yes,Yes,No,48.1
Chittagong,Cox's Bazar,Kutubdia,47.7,72.9,Yes,Some,Some,Yes,Yes,No,51.5
Chittagong,Cox's Bazar,Maheshkhali,45.7,36.3,Yes,Some,Some,Yes,Yes,No,48.9
Chittagong,Cox's Bazar,Pekua,71.7,35.5,Yes,Some,Some,Yes,Yes,No,60.1
Chittagong,Cox's Bazar,Ramu,56.1,25.7,Yes,Some,Some,Yes,Some,No,58.7
Chittagong,Cox's Bazar,Teknaf,59.2,31.7,Yes,Some,Some,Yes,Yes,No,62.2
Chittagong,Cox's Bazar,Ukhia,53.3,23.3,Yes,Some,Some,Yes,Yes,No,65.2
Chittagong,Feni,Chhagalnaiya,53.6,32.5,Yes,Some,Some,Yes,Some,No,51.6
Chittagong,Feni,Daganbhuiyan,53.1,48.9,Yes,Some,Some,Yes,Some,No,48.7
Chittagong,Feni,Feni Sadar,53.2,57.1,Yes,Some,Some,Yes,Some,No,37.5
Chittagong,Feni,Fulgazi,73.3,52.6,Yes,Some,Some,Yes,Some,No,59.9
Chittagong,Feni,Parshuram,56.8,50.0,Yes,Some,Some,Yes,Some,No,63.5
Chittagong,Feni,Sonagazi,53.6,62.8,Yes,Some,Some,Yes,Some,No,51.7
Chittagong,Khagrachhari,Dighinala,55.2,35.9,Yes,Some,Some,Yes,Some,No,50.2
Chittagong,Khagrachhari,Guimara,65.0,30.9,Yes,Some,Some,Yes,Some,No,65.5
Chittagong,Khagrachhari,Khagrachhari Sadar,57.1,44.9,Yes,Some,Some,Yes,Some,No,50.2
Chittagong,Khagrachhari,Lakshmichhari,65.7,65.1,Yes,Some,Some,Yes,Some,No,54.7
Chittagong,Khagrachhari,Mahalchhari,64.3,66.8,Yes,Some,Some,Yes,Some,No,58.5
Chittagong,Khagrachhari,Manikchhari,64.1,41.3,Yes,Some,Some,Yes,Some,No,73.2
Chittagong,Khagrachhari,Matiranga,67.0,46.6,Yes,Some,Some,Yes,Some,No,67.1
Chittagong,Khagrachhari,Panchhari,60.7,55.0,Yes,Some,Some,Yes,Some,No,65.4
Chittagong,Khagrachhari,Ramgarh,70.1,45.1,Yes,Some,Some,Yes,Some,No,67.9
Chittagong,Lakshmipur,Kamalnagar,66.9,65.2,Yes,Some,Some,Yes,Yes,No,62.5
Chittagong,Lakshmipur,Lakshmipur Sadar,55.8,57.0,Yes,Some,Some,Yes,Some,No,43.4
Chittagong,Lakshmipur,Ramganj,68.0,55.5,Yes,Some,Some,Yes,Some,No,59.1
Chittagong,Lakshmipur,Ramgati,50.9,73.0,Yes,Some,Some,Yes,Yes,No,60.0
Chittagong,Lakshmipur,Raipur,64.8,58.9,Yes,Some,Some,Yes,Some,No,49.7
Chittagong,Noakhali,Begumganj,60.0,37.1,Yes,Some,Some,Yes,Some,No,40.3
Chittagong,Noakhali,Chatkhil,49.3,69.0,Yes,Some,Some,Yes,Some,No,50.5
Chittagong,Noakhali,Companiganj,54.6,64.4,Yes,Some,Some,Yes,Yes,No,60.5
Chittagong,Noakhali,Hatiya,53.5,49.2,Yes,Some,Some,Yes,Yes,No,55.3
Chittagong,Noakhali,Kabirhat,63.1,56.9,Yes,Some,Some,Yes,Some,No,48.4
Chittagong,Noakhali,Noakhali Sadar,35.5,26.2,Yes,Some,Some,Yes,Some,No,44.3
Chittagong,Noakhali,Senbagh,62.6,53.2,Yes,Some,Some,Yes,Some,No,49.7
Chittagong,Noakhali,Sonaimuri,48.1,61.9,Yes,Some,Some,Yes,Some,No,40.1
Chittagong,Noakhali,Subarnachar,64.1,43.6,Yes,Some,Some,Yes,Yes,No,56.5
Chittagong,Rangamati,Bagaichhari,79.5,59.6,Yes,Some,Some,Yes,Some,No,62.2
Chittagong,Rangamati,Barkal,61.2,28.9,Yes,Some,Some,Yes,Some,No,54.6
Chittagong,Rangamati,Belaichhari,48.3,48.2,Yes,Some,Some,Yes,Some,No,53.6
Chittagong,Rangamati,Juraichhari,62.1,44.2,Yes,Some,Some,Yes,Some,No,65.5
Chittagong,Rangamati,Kaptai,57.2,46.6,Yes,Some,Some,Yes,Some,No,53.1
Chittagong,Rangamati,Kawkhali,53.3,56.1,Yes,Some,Some,Yes,Some,No,60.0
Chittagong,Rangamati,Langadu,77.6,66.4,Yes,Some,Some,Yes,Some,No,61.1
Chittagong,Rangamati,Naniarchar,71.1,33.1,Yes,Some,Some,Yes,Some,No,57.6
Chittagong,Rangamati,Rajasthali,50.9,62.0,Yes,Some,Some,Yes,Some,No,65.7
Chittagong,Rangamati,Rangamati Sadar,40.2,66.1,Yes,Some,Some,Yes,Some,No,46.2
Dhaka,Dhaka,Demra,21.3,47.5,Yes,Yes,Some,Yes,Some,No,20.0
Dhaka,Dhaka,Dhamrai,71.3,47.0,Yes,Yes,Some,Yes,Some,No,58.3
Dhaka,Dhaka,Dohar,58.4,75.6,Yes,Yes,Some,Yes,Some,No,51.7
Dhaka,Dhaka,Keraniganj,44.5,49.9,Yes,Yes,Some,Yes,Some,No,28.0
Dhaka,Dhaka,Nawabganj,54.5,74.3,Yes,Yes,Some,Yes,Some,No,55.2
Dhaka,Dhaka,Savar,29.8,39.4,Yes,Yes,Some,Yes,Some,No,33.2
Dhaka,Dhaka,Tejgaon (Dhaka City),35.4,38.8,Yes,Yes,Some,Yes,Some,No,20.0
Dhaka,Faridpur,Alfadanga,54.0,33.0,Yes,Yes,Some,Yes,Some,No,61.8
Dhaka,Faridpur,Bhanga,59.7,43.1,Yes,Yes,Some,Yes,Some,No,45.9
Dhaka,Faridpur,Boalmari,55.4,33.4,Yes,Yes,Some,Yes,Some,No,61.4
Dhaka,Faridpur,Char Bhadrasan,64.2,58.9,Yes,Yes,Some,Yes,Some,No,57.8
Dhaka,Faridpur,Faridpur Sadar,53.8,63.7,Yes,Yes,Some,Yes,Some,No,45.6
Dhaka,Faridpur,Madhukhali,69.4,47.9,Yes,Yes,Some,Yes,Some,No,50.6
Dhaka,Faridpur,Nagarkanda,48.8,74.8,Yes,Yes,Some,Yes,Some,No,50.3
Dhaka,Faridpur,Saltha,63.8,50.7,Yes,Yes,Some,Yes,Some,No,57.9
Dhaka,Faridpur,Sadarpur,69.5,72.4,Yes,Yes,Some,Yes,Some,No,53.8
Dhaka,Gazipur,Gazipur Sadar,35.3,52.8,Yes,Yes,Some,Yes,Some,No,20.0
Dhaka,Gazipur,Kaliakair,48.1,58.0,Yes,Yes,Some,Yes,Some,No,37.3
Dhaka,Gazipur,Kaliganj,63.0,25.1,Yes,Yes,Some,Yes,Some,No,52.1
Dhaka,Gazipur,Kapasia,52.0,34.4,Yes,Yes,Some,Yes,Some,No,58.4
Dhaka,Gazipur,Sreepur,48.8,42.7,Yes,Yes,Some,Yes,Some,No,56.3
Dhaka,Gopalganj,Gopalganj Sadar,41.9,32.6,Yes,Yes,Some,Yes,Some,No,44.5
Dhaka,Gopalganj,Kashiani,60.2,49.8,Yes,Yes,Some,Yes,Some,No,55.6
Dhaka,Gopalganj,Kotalipara,51.1,35.4,Yes,Yes,Some,Yes,Some,No,58.9
Dhaka,Gopalganj,Muksudpur,44.6,58.8,Yes,Yes,Some,Yes,Some,No,55.8
Dhaka,Gopalganj,Tungipara,66.6,56.3,Yes,Yes,Some,Yes,Some,No,58.9
Dhaka,Kishoreganj,Astagram,61.2,16.8,Yes,Yes,Some,Yes,Yes,No,60.3
Dhaka,Kishoreganj,Bajitpur,53.7,66.0,Yes,Yes,Some,Yes,Some,No,47.6
Dhaka,Kishoreganj,Bhairab,35.1,65.8,Yes,Yes,Some,Yes,Some,No,32.8
Dhaka,Kishoreganj,Hossainpur,63.7,30.1,Yes,Yes,Some,Yes,Some,No,55.6
Dhaka,Kishoreganj,Itna,63.6,47.7,Yes,Yes,Some,Yes,Yes,No,57.4
Dhaka,Kishoreganj,Karimganj,64.8,20.6,Yes,Yes,Some,Yes,Some,No,51.0
Dhaka,Kishoreganj,Katiadi,44.3,36.1,Yes,Yes,Some,Yes,Some,No,51.3
Dhaka,Kishoreganj,Kishoreganj Sadar,48.9,46.1,Yes,Yes,Some,Yes,Some,No,44.4
Dhaka,Kishoreganj,Kuliarchar,66.9,71.5,Yes,Yes,Some,Yes,Yes,No,54.3
Dhaka,Kishoreganj,Mithamain,36.2,54.4,Yes,Yes,Some,Yes,Yes,No,66.0
Dhaka,Kishoreganj,Nikli,50.3,40.6,Yes,Yes,Some,Yes,Yes,No,63.0
Dhaka,Kishoreganj,Pakundia,60.8,58.8,Yes,Yes,Some,Yes,Some,No,58.3
Dhaka,Kishoreganj,Tarail,43.6,61.7,Yes,Yes,Some,Yes,Some,No,54.3
Dhaka,Madaripur,Kalkini,76.4,75.0,Yes,Yes,Some,Yes,Some,No,56.8
Dhaka,Madaripur,Madaripur Sadar,60.3,39.8,Yes,Yes,Some,Yes,Some,No,48.6
Dhaka,Madaripur,Rajoir,63.2,63.3,Yes,Yes,Some,Yes,Some,No,49.0
Dhaka,Madaripur,Shibchar,75.6,55.5,Yes,Yes,Some,Yes,Some,No,64.2
Dhaka,Manikganj,Daulatpur,56.1,50.5,Yes,Yes,Some,Yes,Some,No,56.3
Dhaka,Manikganj,Ghior,59.9,47.0,Yes,Yes,Some,Yes,Some,No,61.7
Dhaka,Manikganj,Harirampur,78.1,28.0,Yes,Yes,Some,Yes,Some,No,54.3
Dhaka,Manikganj,Manikganj Sadar,37.2,46.3,Yes,Yes,Some,Yes,Some,No,48.2
Dhaka,Manikganj,Saturia,61.5,42.2,Yes,Yes,Some,Yes,Some,No,44.9
Dhaka,Manikganj,Shibalaya,51.0,55.5,Yes,Yes,Some,Yes,Some,No,56.5
Dhaka,Manikganj,Singair,73.7,74.3,Yes,Yes,Some,Yes,Some,No,55.6
Dhaka,Munshiganj,Gazaria,60.6,59.4,Yes,Yes,Some,Yes,Some,No,61.9
Dhaka,Munshiganj,Louhajang,63.0,48.1,Yes,Yes,Some,Yes,Some,No,48.7
Dhaka,Munshiganj,Munshiganj Sadar,41.8,49.5,Yes,Yes,Some,Yes,Some,No,39.1
Dhaka,Munshiganj,Sirajdikhan,50.0,54.0,Yes,Yes,Some,Yes,Some,No,45.7
Dhaka,Munshiganj,Sreenagar,46.6,81.3,Yes,Yes,Some,Yes,Some,No,38.3
Dhaka,Munshiganj,Tongibari,63.7,53.6,Yes,Yes,Some,Yes,Some,No,49.0
Dhaka,Narayanganj,Araihazar,57.4,31.5,Yes,Yes,Some,Yes,Some,No,48.7
Dhaka,Narayanganj,Bandar,28.3,48.7,Yes,Yes,Some,Yes,Some,No,20.4
Dhaka,Narayanganj,Narayanganj Sadar,33.3,61.0,Yes,Yes,Some,Yes,Some,No,27.4
Dhaka,Narayanganj,Rupganj,33.6,49.2,Yes,Yes,Some,Yes,Some,No,34.4
Dhaka,Narayanganj,Sonargaon,56.1,27.5,Yes,Yes,Some,Yes,Some,No,46.7
Dhaka,Narsingdi,Belabo,63.0,76.2,Yes,Yes,Some,Yes,Some,No,45.6
Dhaka,Narsingdi,Monohardi,66.1,30.5,Yes,Yes,Some,Yes,Some,No,58.2
Dhaka,Narsingdi,Narsingdi Sadar,44.3,40.4,Yes,Yes,Some,Yes,Some,No,37.5
Dhaka,Narsingdi,Palash,42.6,64.0,Yes,Yes,Some,Yes,Some,No,32.0
Dhaka,Narsingdi,Raipura,64.0,31.5,Yes,Yes,Some,Yes,Some,No,49.7
Dhaka,Narsingdi,Shibpur,43.4,52.2,Yes,Yes,Some,Yes,Some,No,54.7
Dhaka,Rajbari,Baliakandi,65.5,51.4,Yes,Yes,Some,Yes,Some,No,63.0
Dhaka,Rajbari,Goalandaghat,43.6,52.5,Yes,Yes,Some,Yes,Yes,No,51.6
Dhaka,Rajbari,Kalukhali,62.5,43.3,Yes,Yes,Some,Yes,Some,No,56.3
Dhaka,Rajbari,Pangsha,71.2,70.1,Yes,Yes,Some,Yes,Some,No,57.2
Dhaka,Rajbari,Rajbari Sadar,44.4,63.1,Yes,Yes,Some,Yes,Some,No,46.5
Dhaka,Shariatpur,Bhedarganj,55.7,43.7,Yes,Yes,Some,Yes,Yes,No,50.9
Dhaka,Shariatpur,Damudya,58.5,67.5,Yes,Yes,Some,Yes,Some,No,61.1
Dhaka,Shariatpur,Gosairhat,55.1,25.2,Yes,Yes,Some,Yes,Yes,No,46.7
Dhaka,Shariatpur,Jajira,59.3,34.6,Yes,Yes,Some,Yes,Yes,No,56.4
Dhaka,Shariatpur,Naria,59.2,62.4,Yes,Yes,Some,Yes,Some,No,44.4
Dhaka,Shariatpur,Shariatpur Sadar,50.2,51.1,Yes,Yes,Some,Yes,Some,No,45.4
Dhaka,Tangail,Basail,60.3,38.4,Yes,Yes,Some,Yes,Some,No,55.5
Dhaka,Tangail,Bhuapur,65.9,35.9,Yes,Yes,Some,Yes,Some,No,59.2
Dhaka,Tangail,Delduar,64.0,43.8,Yes,Yes,Some,Yes,Some,No,56.3
Dhaka,Tangail,Dhanbari,51.8,55.4,Yes,Yes,Some,Yes,Some,No,52.8
Dhaka,Tangail,Ghatail,49.0,60.5,Yes,Yes,Some,Yes,Some,No,58.0
Dhaka,Tangail,Gopalpur,63.3,24.3,Yes,Yes,Some,Yes,Some,No,46.7
Dhaka,Tangail,Kalihati,52.4,41.2,Yes,Yes,Some,Yes,Some,No,55.0
Dhaka,Tangail,Madhupur,56.0,45.3,Yes,Yes,Some,Yes,Some,No,44.4
Dhaka,Tangail,Mirzapur,65.5,62.6,Yes,Yes,Some,Yes,Some,No,61.2
Dhaka,Tangail,Nagarpur,51.8,29.3,Yes,Yes,Some,Yes,Some,No,54.6
Dhaka,Tangail,Sakhipur,51.9,48.3,Yes,Yes,Some,Yes,Some,No,59.1
Dhaka,Tangail,Tangail Sadar,50.2,21.0,Yes,Yes,Some,Yes,Some,No,38.4
Khulna,Bagerhat,Bagerhat Sadar,55.7,76.7,Yes,Yes,Some,Yes,Some,No,55.6
Khulna,Bagerhat,Chitalmari,55.6,55.2,Yes,Yes,Some,Yes,Some,No,67.5
Khulna,Bagerhat,Fakirhat,61.4,48.5,Yes,Yes,Some,Yes,Some,No,72.1
Khulna,Bagerhat,Kachua,62.2,62.1,Yes,Yes,Some,Yes,Yes,No,62.1
Khulna,Bagerhat,Mollahat,54.7,50.8,Yes,Yes,Some,Yes,Some,No,56.6
Khulna,Bagerhat,Mongla,61.7,51.6,Yes,Yes,Some,Yes,Yes,No,49.5
Khulna,Bagerhat,Morrelganj,57.2,57.6,Yes,Yes,Some,Yes,Yes,No,57.9
Khulna,Bagerhat,Rampal,48.0,66.7,Yes,Yes,Some,Yes,Some,No,65.2
Khulna,Bagerhat,Sarankhola,59.4,56.3,Yes,Yes,Some,Yes,Yes,No,67.1
Khulna,Chuadanga,Alamdanga,63.5,51.2,Yes,Yes,Some,Yes,Some,No,49.8
Khulna,Chuadanga,Chuadanga Sadar,66.0,52.6,Yes,Yes,Some,Yes,Some,No,44.8
Khulna,Chuadanga,Damurhuda,56.2,47.6,Yes,Yes,Some,Yes,Some,No,46.9
Khulna,Chuadanga,Jibannagar,63.1,69.2,Yes,Yes,Some,Yes,Some,No,56.0
Khulna,Jessore,Abhaynagar,64.3,46.7,Yes,Yes,Some,Yes,Some,No,55.9
Khulna,Jessore,Bagherpara,57.8,60.0,Yes,Yes,Some,Yes,Some,No,56.2
Khulna,Jessore,Chaugachha,70.2,37.8,Yes,Yes,Some,Yes,Some,No,57.9
Khulna,Jessore,Jessore Sadar,60.4,71.6,Yes,Yes,Some,Yes,Some,No,31.1
Khulna,Jessore,Jhikargachha,54.4,65.5,Yes,Yes,Some,Yes,Some,No,51.9
Khulna,Jessore,Keshabpur,59.1,52.8,Yes,Yes,Some,Yes,Some,No,51.5
Khulna,Jessore,Manirampur,57.9,36.9,Yes,Yes,Some,Yes,Some,No,61.4
Khulna,Jessore,Sharsha,60.6,56.7,Yes,Yes,Some,Yes,Some,No,60.0
Khulna,Jhenaidah,Harinakunda,57.8,51.6,Yes,Yes,Some,Yes,Some,No,63.2
Khulna,Jhenaidah,Jhenaidah Sadar,37.6,41.7,Yes,Yes,Some,Yes,Some,No,38.6
Khulna,Jhenaidah,Kaliganj,70.5,56.6,Yes,Yes,Some,Yes,Some,No,55.6
Khulna,Jhenaidah,Kotchandpur,66.4,76.2,Yes,Yes,Some,Yes,Some,No,52.5
Khulna,Jhenaidah,Maheshpur,59.0,63.1,Yes,Yes,Some,Yes,Some,No,63.4
Khulna,Jhenaidah,Shailkupa,46.0,54.0,Yes,Yes,Some,Yes,Some,No,53.0
Khulna,Khulna,Batiaghata,56.6,51.2,Yes,Yes,Some,Yes,Yes,No,53.0
Khulna,Khulna,Dacope,56.7,62.6,Yes,Yes,Some,Yes,Yes,No,61.1
Khulna,Khulna,Dighalia,61.9,35.9,Yes,Yes,Some,Yes,Some,No,51.6
Khulna,Khulna,Dumuria,70.8,50.8,Yes,Yes,Some,Yes,Some,No,57.3
Khulna,Khulna,Koyra,46.0,37.5,Yes,Yes,Some,Yes,Yes,No,57.5
Khulna,Khulna,Khulna Sadar,24.1,39.2,Yes,Yes,Some,Yes,Some,No,20.0
Khulna,Khulna,Paikgachha,49.7,79.7,Yes,Yes,Some,Yes,Yes,No,42.9
Khulna,Khulna,Phultala,54.3,53.5,Yes,Yes,Some,Yes,Some,No,45.7
Khulna,Khulna,Rupsha,39.6,50.4,Yes,Yes,Some,Yes,Some,No,38.9
Khulna,Kushtia,Bheramara,53.7,41.0,Yes,Yes,Some,Yes,Some,No,36.2
Khulna,Kushtia,Daulatpur,66.0,65.3,Yes,Yes,Some,Yes,Some,No,57.5
Khulna,Kushtia,Khoksa,63.9,73.8,Yes,Yes,Some,Yes,Some,No,45.1
Khulna,Kushtia,Kushtia Sadar,45.3,35.5,Yes,Yes,Some,Yes,Some,No,37.2
Khulna,Kushtia,Kumarkhali,53.7,65.4,Yes,Yes,Some,Yes,Some,No,50.3
Khulna,Kushtia,Mirpur,76.0,41.9,Yes,Yes,Some,Yes,Some,No,50.5
Khulna,Magura,Magura Sadar,44.0,40.4,Yes,Yes,Some,Yes,Some,No,44.1
Khulna,Magura,Mohammadpur,55.4,40.0,Yes,Yes,Some,Yes,Some,No,56.9
Khulna,Magura,Shalikha,49.8,34.4,Yes,Yes,Some,Yes,Some,No,53.5
Khulna,Magura,Sreepur,58.3,15.8,Yes,Yes,Some,Yes,Some,No,60.8
Khulna,Meherpur,Gangni,70.1,39.4,Yes,Yes,Some,Yes,Some,No,58.9
Khulna,Meherpur,Meherpur Sadar,50.3,22.1,Yes,Yes,Some,Yes,Some,No,49.3
Khulna,Meherpur,Mujibnagar,67.7,51.0,Yes,Yes,Some,Yes,Some,No,59.3
Khulna,Narail,Kalia,61.0,62.8,Yes,Yes,Some,Yes,Some,No,56.3
Khulna,Narail,Lohagara,63.7,71.3,Yes,Yes,Some,Yes,Some,No,52.3
Khulna,Narail,Narail Sadar,50.5,65.6,Yes,Yes,Some,Yes,Some,No,51.5
Khulna,Satkhira,Assasuni,63.5,61.6,Yes,Yes,Some,Yes,Yes,No,54.0
Khulna,Satkhira,Debhata,57.7,26.3,Yes,Yes,Some,Yes,Yes,No,48.5
Khulna,Satkhira,Kalaroa,56.3,77.5,Yes,Yes,Some,Yes,Some,No,62.4
Khulna,Satkhira,Kaliganj,51.6,42.8,Yes,Yes,Some,Yes,Yes,No,65.9
Khulna,Satkhira,Satkhira Sadar,44.8,56.6,Yes,Yes,Some,Yes,Some,No,37.5
Khulna,Satkhira,Shyamnagar,57.2,57.6,Yes,Yes,Some,Yes,Yes,No,60.6
Khulna,Satkhira,Tala,58.2,37.9,Yes,Yes,Some,Yes,Some,No,57.3
Mymensingh,Jamalpur,Baksiganj,62.3,55.8,Yes,Yes,Some,Yes,Some,No,49.4
Mymensingh,Jamalpur,Dewanganj,59.3,36.6,Yes,Yes,Some,Yes,Some,No,58.1
Mymensingh,Jamalpur,Islampur,47.2,45.4,Yes,Yes,Some,Yes,Some,No,66.7
Mymensingh,Jamalpur,Jamalpur Sadar,55.2,33.9,Yes,Yes,Some,Yes,Some,No,38.9
Mymensingh,Jamalpur,Madarganj,59.4,59.4,Yes,Yes,Some,Yes,Some,No,39.4
Mymensingh,Jamalpur,Melandaha,70.7,64.7,Yes,Yes,Some,Yes,Some,No,59.2
Mymensingh,Jamalpur,Sarishabari,61.6,59.4,Yes,Yes,Some,Yes,Some,No,52.2
Mymensingh,Mymensingh,Bhaluka,55.9,47.0,Yes,Yes,Some,Yes,Some,No,44.6
Mymensingh,Mymensingh,Dhobaura,59.6,43.2,Yes,Yes,Some,Yes,Some,No,54.4
Mymensingh,Mymensingh,Fulbaria,54.6,50.0,Yes,Yes,Some,Yes,Some,No,51.6
Mymensingh,Mymensingh,Gaffargaon,54.1,37.2,Yes,Yes,Some,Yes,Some,No,59.5
Mymensingh,Mymensingh,Gauripur,54.1,66.9,Yes,Yes,Some,Yes,Some,No,43.8
Mymensingh,Mymensingh,Haluaghat,56.2,70.5,Yes,Yes,Some,Yes,Some,No,45.5
Mymensingh,Mymensingh,Ishwarganj,72.1,40.5,Yes,Yes,Some,Yes,Some,No,53.2
Mymensingh,Mymensingh,Mymensingh Sadar,26.9,33.8,Yes,Yes,Some,Yes,Some,No,33.4
Mymensingh,Mymensingh,Muktagachha,60.7,27.9,Yes,Yes,Some,Yes,Some,No,50.0
Mymensingh,Mymensingh,Nandail,54.8,48.0,Yes,Yes,Some,Yes,Some,No,57.1
Mymensingh,Mymensingh,Phulpur,52.6,62.6,Yes,Yes,Some,Yes,Some,No,52.3
Mymensingh,Mymensingh,Trishal,44.9,54.3,Yes,Yes,Some,Yes,Some,No,61.5
Mymensingh,Netrokona,Atpara,78.3,49.5,Yes,Yes,Some,Yes,Some,No,55.2
Mymensingh,Netrokona,Barhatta,63.6,50.0,Yes,Yes,Some,Yes,Some,No,58.1
Mymensingh,Netrokona,Durgapur,51.1,56.5,Yes,Yes,Some,Yes,Some,No,64.2
Mymensingh,Netrokona,Kalmakanda,60.4,61.9,Yes,Yes,Some,Yes,Some,No,62.2
Mymensingh,Netrokona,Kendua,59.0,83.8,Yes,Yes,Some,Yes,Some,No,56.8
Mymensingh,Netrokona,Khaliajuri,59.3,47.3,Yes,Yes,Some,Yes,Yes,No,66.3
Mymensingh,Netrokona,Madan,71.7,56.3,Yes,Yes,Some,Yes,Yes,No,58.3
Mymensingh,Netrokona,Mohanganj,70.6,77.5,Yes,Yes,Some,Yes,Yes,No,56.0
Mymensingh,Netrokona,Netrokona Sadar,61.8,24.0,Yes,Yes,Some,Yes,Some,No,54.5
Mymensingh,Netrokona,Purbadhala,59.2,33.0,Yes,Yes,Some,Yes,Some,No,58.4
Mymensingh,Sherpur,Jhenaigati,69.6,32.3,Yes,Yes,Some,Yes,Some,No,59.6
Mymensingh,Sherpur,Nakla,56.5,81.3,Yes,Yes,Some,Yes,Some,No,59.3
Mymensingh,Sherpur,Nalitabari,66.9,70.1,Yes,Yes,Some,Yes,Some,No,60.2
Mymensingh,Sherpur,Sherpur Sadar,46.7,24.6,Yes,Yes,Some,Yes,Some,No,51.6
Mymensingh,Sherpur,Sreebardi,70.5,57.4,Yes,Yes,Some,Yes,Some,No,61.0
Rajshahi,Bogura,Adamdighi,60.4,15.0,Yes,Yes,Yes,Yes,Some,No,52.8
Rajshahi,Bogura,Bogura Sadar,46.8,69.4,Yes,Yes,Yes,Yes,Some,No,48.9
Rajshahi,Bogura,Dhunat,60.2,57.6,Yes,Yes,Yes,Yes,Some,No,52.7
Rajshahi,Bogura,Dupchanchia,54.2,18.5,Yes,Yes,Yes,Yes,Some,No,44.7
Rajshahi,Bogura,Gabtali,47.8,15.0,Yes,Yes,Yes,Yes,Some,No,54.5
Rajshahi,Bogura,Kahaloo,46.1,66.3,Yes,Yes,Yes,Yes,Some,No,55.9
Rajshahi,Bogura,Nandigram,56.4,58.0,Yes,Yes,Yes,Yes,Some,No,51.2
Rajshahi,Bogura,Sariakandi,59.0,43.8,Yes,Yes,Yes,Yes,Some,No,53.5
Rajshahi,Bogura,Shajahanpur,60.8,55.6,Yes,Yes,Yes,Yes,Some,No,63.8
Rajshahi,Bogura,Sherpur,63.2,72.0,Yes,Yes,Yes,Yes,Some,No,55.3
Rajshahi,Bogura,Shibganj,57.3,47.9,Yes,Yes,Yes,Yes,Some,No,61.5
Rajshahi,Bogura,Sonatola,53.8,66.3,Yes,Yes,Yes,Yes,Some,No,55.4
Rajshahi,Chapainawabganj,Bholahat,49.6,42.7,Yes,Yes,Yes,Yes,Some,No,58.7
Rajshahi,Chapainawabganj,Chapainawabganj Sadar,60.7,63.1,Yes,Yes,Yes,Yes,Some,No,49.2
Rajshahi,Chapainawabganj,Gomastapur,68.8,75.0,Yes,Yes,Yes,Yes,Some,No,55.3
Rajshahi,Chapainawabganj,Nachole,60.8,39.8,Yes,Yes,Yes,Yes,Some,No,56.3
Rajshahi,Chapainawabganj,Shibganj,61.3,48.2,Yes,Yes,Yes,Yes,Some,No,53.0
Rajshahi,Joypurhat,Akkelpur,63.8,31.6,Yes,Yes,Yes,Yes,Some,No,59.2
Rajshahi,Joypurhat,Joypurhat Sadar,48.0,50.3,Yes,Yes,Yes,Yes,Some,No,44.3
Rajshahi,Joypurhat,Kalai,70.4,57.7,Yes,Yes,Yes,Yes,Some,No,58.4
Rajshahi,Joypurhat,Khetlal,63.0,45.7,Yes,Yes,Yes,Yes,Some,No,61.4
Rajshahi,Joypurhat,Panchbibi,65.7,78.8,Yes,Yes,Yes,Yes,Some,No,60.2
Rajshahi,Naogaon,Atrai,65.4,46.2,Yes,Yes,Yes,Yes,Some,No,53.5
Rajshahi,Naogaon,Badalgachhi,49.3,51.3,Yes,Yes,Yes,Yes,Some,No,53.5
Rajshahi,Naogaon,Dhamoirhat,69.1,29.9,Yes,Yes,Yes,Yes,Some,No,61.1
Rajshahi,Naogaon,Manda,59.7,46.4,Yes,Yes,Yes,Yes,Some,No,60.0
Rajshahi,Naogaon,Mahadebpur,52.6,40.0,Yes,Yes,Yes,Yes,Some,No,57.0
Rajshahi,Naogaon,Naogaon Sadar,47.6,36.8,Yes,Yes,Yes,Yes,Some,No,50.0
Rajshahi,Naogaon,Niamatpur,46.6,56.1,Yes,Yes,Yes,Yes,Some,No,67.5
Rajshahi,Naogaon,Patnitala,44.3,49.3,Yes,Yes,Yes,Yes,Some,No,58.7
Rajshahi,Naogaon,Porsha,56.4,51.7,Yes,Yes,Yes,Yes,Some,No,53.9
Rajshahi,Naogaon,Raninagar,57.4,50.8,Yes,Yes,Yes,Yes,Some,No,64.6
Rajshahi,Naogaon,Sapahar,67.6,53.2,Yes,Yes,Yes,Yes,Some,No,61.5
Rajshahi,Natore,Bagatipara,52.8,42.5,Yes,Yes,Yes,Yes,Some,No,52.2
Rajshahi,Natore,Baraigram,66.4,72.8,Yes,Yes,Yes,Yes,Some,No,59.5
Rajshahi,Natore,Gurudaspur,46.7,28.0,Yes,Yes,Yes,Yes,Some,No,62.3
Rajshahi,Natore,Lalpur,59.4,39.0,Yes,Yes,Yes,Yes,Some,No,65.0
Rajshahi,Natore,Natore Sadar,64.1,69.5,Yes,Yes,Yes,Yes,Some,No,43.7
Rajshahi,Natore,Singra,67.0,51.2,Yes,Yes,Yes,Yes,Some,No,58.2
Rajshahi,Pabna,Atgharia,62.6,34.6,Yes,Yes,Yes,Yes,Some,No,52.3
Rajshahi,Pabna,Bera,54.7,27.1,Yes,Yes,Yes,Yes,Some,No,63.7
Rajshahi,Pabna,Bhangura,58.9,64.5,Yes,Yes,Yes,Yes,Some,No,52.8
Rajshahi,Pabna,Chatmohar,69.3,37.6,Yes,Yes,Yes,Yes,Some,No,72.7
Rajshahi,Pabna,Faridpur,69.1,32.3,Yes,Yes,Yes,Yes,Some,No,63.8
Rajshahi,Pabna,Ishwardi,42.6,27.3,Yes,Yes,Yes,Yes,Some,No,48.9
Rajshahi,Pabna,Pabna Sadar,53.6,45.7,Yes,Yes,Yes,Yes,Some,No,48.1
Rajshahi,Pabna,Santhia,60.3,77.6,Yes,Yes,Yes,Yes,Some,No,51.1
Rajshahi,Pabna,Sujanagar,77.7,42.2,Yes,Yes,Yes,Yes,Some,No,62.6
Rajshahi,Rajshahi,Bagha,78.9,50.1,Yes,Yes,Yes,Yes,Some,No,53.8
Rajshahi,Rajshahi,Bagmara,47.7,83.0,Yes,Yes,Yes,Yes,Some,No,61.1
Rajshahi,Rajshahi,Charghat,55.7,52.7,Yes,Yes,Yes,Yes,Some,No,44.3
Rajshahi,Rajshahi,Durgapur,54.0,52.3,Yes,Yes,Yes,Yes,Some,No,60.4
Rajshahi,Rajshahi,Godagari,58.6,59.4,Yes,Yes,Yes,Yes,Some,No,53.6
Rajshahi,Rajshahi,Mohanpur,62.9,55.3,Yes,Yes,Yes,Yes,Some,No,56.8
Rajshahi,Rajshahi,Paba,53.1,50.8,Yes,Yes,Yes,Yes,Some,No,55.1
Rajshahi,Rajshahi,Putia,63.0,38.0,Yes,Yes,Yes,Yes,Some,No,51.5
Rajshahi,Rajshahi,Rajshahi Sadar,30.8,27.5,Yes,Yes,Yes,Yes,Some,No,22.7
Rajshahi,Sirajganj,Belkuchi,48.2,18.6,Yes,Yes,Yes,Yes,Some,No,45.4
Rajshahi,Sirajganj,Chauhali,46.2,43.1,Yes,Yes,Yes,Yes,Yes,No,48.2
Rajshahi,Sirajganj,Kamarkhand,59.7,54.5,Yes,Yes,Yes,Yes,Some,No,54.3
Rajshahi,Sirajganj,Kazipur,54.3,54.7,Yes,Yes,Yes,Yes,Some,No,44.3
Rajshahi,Sirajganj,Raiganj,63.3,28.0,Yes,Yes,Yes,Yes,Some,No,50.7
Rajshahi,Sirajganj,Shahjadpur,57.5,65.6,Yes,Yes,Yes,Yes,Some,No,54.0
Rajshahi,Sirajganj,Sirajganj Sadar,42.4,30.1,Yes,Yes,Yes,Yes,Some,No,39.0
Rajshahi,Sirajganj,Tarash,70.2,51.6,Yes,Yes,Yes,Yes,Some,No,52.3
Rajshahi,Sirajganj,Ullahpara,49.8,73.6,Yes,Yes,Yes,Yes,Some,No,48.3
Rangpur,Dinajpur,Birampur,50.9,68.6,Yes,Some,Yes,Yes,Some,No,53.6
Rangpur,Dinajpur,Birganj,61.9,57.4,Yes,Some,Yes,Yes,Some,No,58.5
Rangpur,Dinajpur,Biral,67.3,38.3,Yes,Some,Yes,Yes,Some,No,64.9
Rangpur,Dinajpur,Bochaganj,53.5,55.5,Yes,Some,Yes,Yes,Some,No,49.6
Rangpur,Dinajpur,Chirirbandar,68.7,86.9,Yes,Some,Yes,Yes,Some,No,60.8
Rangpur,Dinajpur,Dinajpur Sadar,40.0,54.2,Yes,Some,Yes,Yes,Some,No,34.3
Rangpur,Dinajpur,Fulbari,45.2,43.9,Yes,Some,Yes,Yes,Some,No,58.0
Rangpur,Dinajpur,Ghoraghat,58.4,43.6,Yes,Some,Yes,Yes,Some,No,65.5
Rangpur,Dinajpur,Hakimpur,48.4,63.1,Yes,Some,Yes,Yes,Some,No,58.4
Rangpur,Dinajpur,Kaharole,52.4,43.3,Yes,Some,Yes,Yes,Some,No,51.4
Rangpur,Dinajpur,Khansama,62.0,64.7,Yes,Some,Yes,Yes,Some,No,56.5
Rangpur,Dinajpur,Nawabganj,59.9,37.4,Yes,Some,Yes,Yes,Some,No,57.0
Rangpur,Dinajpur,Parbatipur,67.5,28.5,Yes,Some,Yes,Yes,Some,No,47.5
Rangpur,Gaibandha,Fulchhari,52.4,54.5,Yes,Some,Yes,Yes,Some,No,53.2
Rangpur,Gaibandha,Gaibandha Sadar,51.0,36.1,Yes,Some,Yes,Yes,Some,No,44.8
Rangpur,Gaibandha,Gobindaganj,62.0,15.0,Yes,Some,Yes,Yes,Some,No,49.2
Rangpur,Gaibandha,Palashbari,57.0,46.1,Yes,Some,Yes,Yes,Some,No,54.0
Rangpur,Gaibandha,Sadullapur,48.9,79.9,Yes,Some,Yes,Yes,Some,No,53.6
Rangpur,Gaibandha,Saghata,57.0,59.3,Yes,Some,Yes,Yes,Some,No,49.6
Rangpur,Gaibandha,Sundarganj,56.2,51.3,Yes,Some,Yes,Yes,Some,No,56.4
Rangpur,Kurigram,Bhurungamari,63.4,35.7,Yes,Some,Yes,Yes,Some,No,58.4
Rangpur,Kurigram,Char Rajibpur,69.9,35.3,Yes,Some,Yes,Yes,Some,No,59.4
Rangpur,Kurigram,Chilmari,67.1,42.1,Yes,Some,Yes,Yes,Yes,No,69.1
Rangpur,Kurigram,Kurigram Sadar,46.2,47.5,Yes,Some,Yes,Yes,Some,No,46.8
Rangpur,Kurigram,Nageshwari,59.8,40.4,Yes,Some,Yes,Yes,Some,No,64.6
Rangpur,Kurigram,Phulbari,53.2,42.0,Yes,Some,Yes,Yes,Some,No,67.6
Rangpur,Kurigram,Rajarhat,62.4,50.1,Yes,Some,Yes,Yes,Some,No,60.5
Rangpur,Kurigram,Raumari,70.5,63.5,Yes,Some,Yes,Yes,Some,No,54.2
Rangpur,Kurigram,Ulipur,52.3,43.8,Yes,Some,Yes,Yes,Some,No,72.8
Rangpur,Lalmonirhat,Aditmari,57.2,39.6,Yes,Some,Yes,Yes,Some,No,63.2
Rangpur,Lalmonirhat,Hatibandha,45.9,48.0,Yes,Some,Yes,Yes,Some,No,50.7
Rangpur,Lalmonirhat,Kaliganj,55.9,51.5,Yes,Some,Yes,Yes,Some,No,55.1
Rangpur,Lalmonirhat,Lalmonirhat Sadar,55.4,71.2,Yes,Some,Yes,Yes,Some,No,47.8
Rangpur,Lalmonirhat,Patgram,65.2,40.1,Yes,Some,Yes,Yes,Some,No,60.4
Rangpur,Nilphamari,Dimla,58.6,72.4,Yes,Some,Yes,Yes,Some,No,53.1
Rangpur,Nilphamari,Domar,57.1,51.5,Yes,Some,Yes,Yes,Some,No,61.4
Rangpur,Nilphamari,Jaldhaka,57.1,32.2,Yes,Some,Yes,Yes,Some,No,47.3
Rangpur,Nilphamari,Kishoreganj,63.8,36.3,Yes,Some,Yes,Yes,Some,No,60.9
Rangpur,Nilphamari,Nilphamari Sadar,53.3,49.1,Yes,Some,Yes,Yes,Some,No,51.1
Rangpur,Nilphamari,Saidpur,22.2,47.4,Yes,Some,Yes,Yes,Some,No,31.4
Rangpur,Panchagarh,Atwari,74.5,38.1,Yes,Some,Yes,Yes,Some,Yes,63.8
Rangpur,Panchagarh,Boda,60.4,34.0,Yes,Some,Yes,Yes,Some,No,58.3
Rangpur,Panchagarh,Debiganj,46.3,46.2,Yes,Some,Yes,Yes,Some,Yes,67.8
Rangpur,Panchagarh,Panchagarh Sadar,39.9,29.9,Yes,Some,Yes,Yes,Some,Yes,48.9
Rangpur,Panchagarh,Tetulia,54.5,47.6,Yes,Some,Yes,Yes,Some,Yes,59.6
Rangpur,Rangpur,Badarganj,55.0,54.1,Yes,Some,Yes,Yes,Some,No,56.1
Rangpur,Rangpur,Gangachara,70.2,63.0,Yes,Some,Yes,Yes,Some,No,57.2
Rangpur,Rangpur,Kaunia,59.3,52.8,Yes,Some,Yes,Yes,Some,No,56.5
Rangpur,Rangpur,Mithapukur,60.4,44.4,Yes,Some,Yes,Yes,Some,No,65.2
Rangpur,Rangpur,Pirgachha,63.6,32.3,Yes,Some,Yes,Yes,Some,No,53.5
Rangpur,Rangpur,Pirganj,53.2,23.5,Yes,Some,Yes,Yes,Some,No,65.9
Rangpur,Rangpur,Rangpur Sadar,47.5,51.1,Yes,Some,Yes,Yes,Some,No,30.3
Rangpur,Rangpur,Taraganj,66.1,26.0,Yes,Some,Yes,Yes,Some,No,59.8
Rangpur,Thakurgaon,Baliadangi,62.8,72.5,Yes,Some,Yes,Yes,Some,No,56.4
Rangpur,Thakurgaon,Haripur,54.4,78.7,Yes,Some,Yes,Yes,Some,No,60.9
Rangpur,Thakurgaon,Pirganj,70.5,45.7,Yes,Some,Yes,Yes,Some,No,52.9
Rangpur,Thakurgaon,Ranisankail,56.6,61.4,Yes,Some,Yes,Yes,Some,No,74.8
Rangpur,Thakurgaon,Thakurgaon Sadar,45.3,59.1,Yes,Some,Yes,Yes,Some,No,42.4
Sylhet,Habiganj,Ajmiriganj,70.4,70.6,Yes,Some,Some,Yes,Yes,No,59.6
Sylhet,Habiganj,Bahubal,62.7,62.1,Yes,Some,Some,Yes,Some,Yes,39.4
Sylhet,Habiganj,Baniachong,69.6,90.0,Yes,Some,Some,Yes,Yes,No,59.4
Sylhet,Habiganj,Chunarughat,50.7,43.9,Yes,Some,Some,Yes,Some,Yes,59.3
Sylhet,Habiganj,Habiganj Sadar,67.7,63.9,Yes,Some,Some,Yes,Some,Yes,52.0
Sylhet,Habiganj,Lakhai,61.9,44.5,Yes,Some,Some,Yes,Some,No,62.2
Sylhet,Habiganj,Madhabpur,83.0,41.5,Yes,Some,Some,Yes,Some,Yes,55.4
Sylhet,Habiganj,Nabiganj,66.1,71.9,Yes,Some,Some,Yes,Some,Yes,56.4
Sylhet,Moulvibazar,Barlekha,51.7,29.0,Yes,Some,Some,Yes,Some,Yes,63.9
Sylhet,Moulvibazar,Juri,50.8,60.0,Yes,Some,Some,Yes,Some,Yes,56.6
Sylhet,Moulvibazar,Kamalganj,66.3,74.6,Yes,Some,Some,Yes,Some,Yes,65.7
Sylhet,Moulvibazar,Kulaura,71.7,43.7,Yes,Some,Some,Yes,Some,Yes,53.9
Sylhet,Moulvibazar,Moulvibazar Sadar,58.8,26.9,Yes,Some,Some,Yes,Some,Yes,53.4
Sylhet,Moulvibazar,Rajnagar,51.3,50.5,Yes,Some,Some,Yes,Some,Yes,62.0
Sylhet,Moulvibazar,Sreemangal,48.4,58.3,Yes,Some,Some,Yes,Some,Yes,52.3
Sylhet,Sunamganj,Bishwamvarpur,57.4,68.0,Yes,Some,Some,Yes,Yes,No,55.1
Sylhet,Sunamganj,Chhatak,61.5,65.3,Yes,Some,Some,Yes,Some,No,62.6
Sylhet,Sunamganj,Derai,51.5,64.6,Yes,Some,Some,Yes,Yes,No,65.1
Sylhet,Sunamganj,Dharampasha,59.3,36.4,Yes,Some,Some,Yes,Yes,No,53.2
Sylhet,Sunamganj,Dowarabazar,67.8,66.0,Yes,Some,Some,Yes,Some,No,67.6
Sylhet,Sunamganj,Jamalganj,60.5,45.9,Yes,Some,Some,Yes,Yes,No,45.1
Sylhet,Sunamganj,Jagannathpur,56.6,60.1,Yes,Some,Some,Yes,Some,No,51.9
Sylhet,Sunamganj,Sulla,57.2,62.1,Yes,Some,Some,Yes,Yes,No,63.1
Sylhet,Sunamganj,Sunamganj Sadar,49.1,18.9,Yes,Some,Some,Yes,Yes,No,41.7
Sylhet,Sunamganj,Tahirpur,51.8,69.1,Yes,Some,Some,Yes,Yes,No,50.2
Sylhet,Sylhet,Balaganj,61.9,62.2,Yes,Some,Some,Yes,Some,No,58.6
Sylhet,Sylhet,Beani Bazar,53.5,81.2,Yes,Some,Some,Yes,Some,No,49.8
Sylhet,Sylhet,Bishwanath,54.1,61.2,Yes,Some,Some,Yes,Some,No,58.2
Sylhet,Sylhet,Companiganj,56.4,39.1,Yes,Some,Some,Yes,Some,No,59.6
Sylhet,Sylhet,Dakshin Surma,34.5,22.6,Yes,Some,Some,Yes,Some,No,55.7
Sylhet,Sylhet,Fenchuganj,34.4,42.7,Yes,Some,Some,Yes,Some,No,52.5
Sylhet,Sylhet,Golapganj,52.9,41.8,Yes,Some,Some,Yes,Some,No,60.1
Sylhet,Sylhet,Gowainghat,57.9,15.0,Yes,Some,Some,Yes,Some,No,62.6
Sylhet,Sylhet,Jaintiapur,61.4,50.2,Yes,Some,Some,Yes,Some,No,52.7
Sylhet,Sylhet,Kanaighat,45.0,79.9,Yes,Some,Some,Yes,Some,No,57.7
Sylhet,Sylhet,Osmani Nagar,60.5,56.7,Yes,Some,Some,Yes,Some,No,49.4
Sylhet,Sylhet,Sylhet Sadar,48.9,68.8,Yes,Some,Some,Yes,Some,No,36.2
Sylhet,Sylhet,Zakiganj,53.0,35.2,Yes,Some,Some,Yes,Some,No,64.3
