Division,District,Thana / Police Station,Thana Type,Total Roads (km),Paved Road (%),Electricity (%),Internet Users (%),Mobile Banking (%),Bank Branches,Hospitals/Clinics,Primary Schools,Weekly Markets,4G Coverage
Barisal,Barguna,Amtali,Coastal,965.2,34.6,46.3,20.8,59.6,2,1,33,5,Partial
Barisal,Barguna,Bamna,Rural,308.6,45.0,48.2,8.8,62.1,1,0,16,3,Limited
Barisal,Barguna,Barguna Sadar,Sadar,388.3,57.8,69.2,27.8,70.8,4,1,35,9,Full
Barisal,Barguna,Betagi,Rural,630.8,30.3,54.9,22.1,49.0,1,1,19,5,Limited
Barisal,Barguna,Patharghata,Coastal,643.5,39.9,63.4,43.7,65.8,3,0,24,5,Partial
Barisal,Barguna,Taltali,Coastal,574.2,35.1,54.0,24.2,62.0,1,0,17,3,Partial
Barisal,Barguna,Naltona,Rural,131.4,43.8,51.0,15.5,40.8,1,0,10,2,Limited
Barisal,Barguna,Burirarchar,Coastal,220.3,41.4,49.3,39.4,68.6,1,0,12,2,Partial
Barisal,Barguna,Keorabunia,River,260.5,33.1,55.0,32.9,62.5,0,0,8,1,Limited
Barisal,Barisal,Kotwali Barisal,Metropolitan,36.5,74.1,85.8,55.7,73.5,6,2,68,14,Full
Barisal,Barisal,Barisal Sadar,Sadar,41.4,47.1,65.2,51.0,69.5,5,1,48,8,Full
Barisal,Barisal,Airport Barisal,Metropolitan,38.2,83.7,82.2,59.8,65.6,2,1,23,3,Full
Barisal,Barisal,Agailjhara,Rural,347.1,33.3,53.8,8.0,66.4,2,0,21,5,Limited
Barisal,Barisal,Babuganj,Rural,204.3,36.5,45.9,26.1,56.1,2,1,27,4,Limited
Barisal,Barisal,Bakerganj,Rural,635.5,48.5,56.6,24.8,54.0,6,2,63,10,Limited
Barisal,Barisal,Banari Para,Rural,317.6,40.8,41.8,19.0,44.6,2,1,34,7,Limited
Barisal,Barisal,Gaurnadi,Rural,203.8,44.4,55.9,25.8,63.9,2,0,28,6,Limited
Barisal,Barisal,Hizla,River,345.5,41.5,57.5,17.6,51.0,1,0,20,4,Limited
Barisal,Barisal,Mehendiganj,River,344.2,31.6,63.8,14.9,53.5,3,1,39,7,Limited
Barisal,Barisal,Muladi,Rural,307.2,42.1,59.9,14.3,70.5,3,0,25,4,Limited
Barisal,Barisal,Wazirpur,Rural,230.6,40.8,59.3,35.0,45.8,3,1,32,7,Limited
Barisal,Barisal,Char Monai,River,129.1,31.1,54.1,23.2,68.7,1,0,11,2,Limited
Barisal,Barisal,Nalchira,Rural,154.8,29.6,62.7,25.6,77.2,1,0,11,2,Limited
Barisal,Barisal,Duarghat,River,100.4,57.1,50.4,22.4,41.8,0,0,8,2,Limited
Barisal,Barisal,Tungibaria,Rural,121.0,29.8,41.1,28.0,62.6,0,0,11,1,Limited
Barisal,Barisal,Charbaria,Rural,230.7,29.1,58.6,23.5,44.1,1,0,12,3,Limited
Barisal,Barisal,South Barisal,Metropolitan,72.6,81.0,93.6,64.9,65.7,2,0,20,3,Full
Barisal,Barisal,Barisal Industrial,Industrial,23.5,55.8,67.1,43.7,80.6,1,0,16,2,Full
Barisal,Barisal,Raipura Char,River,105.9,26.2,59.7,34.3,52.9,1,0,8,1,Limited
Barisal,Bhola,Bhola Sadar,Sadar,457.9,43.9,67.6,31.1,49.2,4,2,57,13,Full
Barisal,Bhola,Burhanuddin,Rural,399.7,41.1,51.8,17.7,65.6,2,1,34,7,Limited
Barisal,Bhola,Char Fasson,Coastal,1075.4,34.2,60.1,35.7,56.2,6,2,60,14,Partial
Barisal,Bhola,Daulatkhan,River,214.6,39.7,60.5,16.0,51.1,2,1,29,4,Limited
Barisal,Bhola,Lalmohan,Rural,554.7,39.6,45.2,25.9,54.8,3,1,45,10,Limited
Barisal,Bhola,Manpura,Coastal,530.8,43.4,47.5,24.4,50.8,1,0,15,2,Partial
Barisal,Bhola,Tazumuddin,River,425.1,37.8,45.5,14.7,54.4,2,1,20,4,Limited
Barisal,Bhola,Ilisha,River,99.5,57.3,57.6,18.0,50.2,1,0,20,3,Limited
Barisal,Bhola,Veduria,Coastal,263.5,35.2,53.5,33.4,64.9,1,0,12,1,Partial
Barisal,Bhola,Char Khalifa,Coastal,337.1,39.6,61.0,28.2,62.1,1,0,15,3,Partial
Barisal,Bhola,Nothullabad,Rural,262.7,47.9,50.8,9.2,64.4,0,0,9,1,Limited
Barisal,Jhalokati,Jhalokati Sadar,Sadar,191.2,43.4,65.4,42.3,66.3,3,1,36,5,Full
Barisal,Jhalokati,Kathalia,Rural,182.6,45.2,61.1,23.6,75.4,2,0,21,4,Limited
Barisal,Jhalokati,Nalchity,Rural,176.9,30.4,64.1,17.0,46.3,1,0,21,3,Limited
Barisal,Jhalokati,Rajapur,Rural,214.3,46.1,51.7,20.9,51.8,1,1,26,5,Limited
Barisal,Jhalokati,Gabkhan,River,137.7,34.0,52.8,30.4,49.2,1,0,10,2,Limited
Barisal,Jhalokati,Shashibhushan,Rural,197.8,28.7,64.1,19.5,50.5,0,0,11,2,Limited
Barisal,Jhalokati,Bisher,Rural,152.0,40.6,50.0,31.2,69.5,1,0,10,2,Limited
Barisal,Jhalokati,Nathullabad,River,99.0,36.1,49.2,25.8,58.8,1,0,7,1,Limited
Barisal,Patuakhali,Patuakhali Sadar,Sadar,454.4,66.0,71.0,31.6,50.2,3,1,41,8,Full
Barisal,Patuakhali,Bauphal,Coastal,1231.1,43.5,60.8,31.5,61.0,3,1,44,8,Partial
Barisal,Patuakhali,Dashmina,Coastal,432.3,29.9,57.8,39.8,46.6,2,1,20,4,Partial
Barisal,Patuakhali,Dumki,Rural,142.9,33.2,55.3,18.7,63.6,1,0,13,2,Limited
Barisal,Patuakhali,Galachipa,Coastal,359.1,48.4,55.0,12.9,76.1,4,1,42,8,Partial
Barisal,Patuakhali,Kalapara,Coastal,797.8,51.1,53.2,36.5,62.3,3,1,39,7,Partial
Barisal,Patuakhali,Mirzaganj,River,341.1,27.3,47.7,27.3,56.8,2,0,16,3,Limited
Barisal,Patuakhali,Rangabali,Coastal,789.6,53.2,57.3,20.0,45.2,1,0,16,2,Partial
Barisal,Patuakhali,Kuakata,Tourism,114.0,46.7,66.7,24.6,61.0,0,0,10,2,Partial
Barisal,Patuakhali,Lohalia,River,261.0,39.9,66.8,21.8,66.7,0,0,13,2,Limited
Barisal,Patuakhali,Madarbunia,Coastal,217.6,49.2,52.9,23.6,60.7,1,0,10,2,Partial
Barisal,Patuakhali,Char Kajal,Coastal,140.3,43.8,50.5,28.2,61.0,0,0,10,1,Partial
Barisal,Patuakhali,Baufal North,Rural,112.1,43.1,53.2,17.0,61.1,1,0,16,3,Limited
Barisal,Patuakhali,Kalaiya,River,65.3,36.1,59.8,12.9,70.9,1,0,9,2,Limited
Barisal,Pirojpur,Pirojpur Sadar,Sadar,353.3,55.9,71.2,50.8,58.9,5,2,40,10,Full
Barisal,Pirojpur,Bhandaria,River,283.8,25.4,37.6,13.5,65.9,2,0,25,3,Limited
Barisal,Pirojpur,Kawkhali,River,381.2,33.1,55.7,27.2,63.3,2,0,21,4,Limited
Barisal,Pirojpur,Mathbaria,Coastal,511.3,48.4,58.9,8.0,49.9,2,1,38,6,Partial
Barisal,Pirojpur,Nazirpur,Rural,186.8,49.8,50.2,22.1,69.8,2,1,33,4,Limited
Barisal,Pirojpur,Nesarabad,Rural,280.0,39.2,57.6,26.1,54.6,2,1,25,4,Limited
Barisal,Pirojpur,Zianagar,Rural,112.6,46.3,57.4,28.4,54.7,2,0,20,3,Limited
Barisal,Pirojpur,Hularhat,River,43.4,42.5,52.8,29.8,56.2,0,0,11,2,Limited
Barisal,Pirojpur,Indurkani,Rural,95.0,40.1,59.1,25.2,66.1,1,0,11,2,Limited
Barisal,Pirojpur,Swarupkathi,River,106.8,41.9,59.8,27.0,58.8,0,0,9,1,Limited
Barisal,Pirojpur,Tutkhali,Rural,89.0,33.6,50.6,23.4,54.8,0,0,8,1,Limited
Barisal,Pirojpur,Shalikha Pir,Rural,178.6,45.8,58.4,27.2,53.2,0,0,11,2,Limited
Barisal,Pirojpur,Mathbaria North,Coastal,133.7,41.1,51.8,48.7,58.1,1,0,14,3,Partial
Chittagong,Chittagong,Kotwali Ctg,Metropolitan,15.8,92.5,84.9,61.5,84.8,8,3,92,14,Full
Chittagong,Chittagong,Double Mooring,Metropolitan,13.7,74.4,80.9,69.5,70.2,4,2,61,10,Full
Chittagong,Chittagong,Pahartali,Metropolitan,27.1,71.1,80.0,72.7,66.8,3,1,37,8,Full
Chittagong,Chittagong,Panchlaish,Metropolitan,14.2,79.4,79.9,83.2,74.9,3,2,45,8,Full
Chittagong,Chittagong,Chandgaon,Metropolitan,17.0,66.0,80.1,67.5,76.7,5,2,64,10,Full
Chittagong,Chittagong,Bayazid Bostami,Metropolitan,27.0,73.9,72.0,60.8,76.0,2,1,34,7,Full
Chittagong,Chittagong,Khulshi,Metropolitan,22.9,77.8,84.5,63.6,86.5,4,1,36,8,Full
Chittagong,Chittagong,Halishahar,Metropolitan,29.4,86.8,82.3,59.8,81.2,4,2,49,9,Full
Chittagong,Chittagong,Bandar,City,24.3,75.7,79.1,51.5,79.3,6,2,55,9,Full
Chittagong,Chittagong,Patenga,Industrial,36.9,54.4,60.5,40.6,71.8,3,1,32,8,Full
Chittagong,Chittagong,EPZ Ctg,Industrial,14.5,53.9,82.7,48.0,72.5,2,1,24,4,Full
Chittagong,Chittagong,Bakalia,Metropolitan,19.2,74.6,83.2,67.7,84.2,5,2,48,12,Full
Chittagong,Chittagong,Akbar Shah,Metropolitan,20.4,70.3,75.3,67.0,73.9,4,1,41,8,Full
Chittagong,Chittagong,Karnaphuli,Industrial,57.1,67.5,61.8,48.2,66.2,4,1,35,6,Full
Chittagong,Chittagong,Chattogram Port,Industrial,5.8,58.9,69.1,51.0,69.0,1,0,21,4,Full
Chittagong,Chittagong,South Khulshi,Metropolitan,30.8,76.6,80.2,49.2,84.2,3,1,42,7,Full
Chittagong,Chittagong,Anwara,Industrial,271.8,68.3,66.5,44.2,67.8,5,1,34,6,Full
Chittagong,Chittagong,Banshkhali,Rural,421.8,42.6,63.2,19.7,51.9,5,1,60,13,Limited
Chittagong,Chittagong,Boalkhali,Industrial,162.8,57.1,69.9,45.8,80.5,3,1,29,6,Full
Chittagong,Chittagong,Chandanaish,Rural,340.1,33.5,52.1,23.8,55.9,2,1,35,6,Limited
Chittagong,Chittagong,Fatikchhari,Rural,1291.1,45.5,59.3,17.3,46.7,7,2,79,12,Limited
Chittagong,Chittagong,Hathazari,Rural,185.3,43.0,65.9,23.6,74.7,7,2,66,9,Limited
Chittagong,Chittagong,Lohagara,Rural,524.0,36.4,52.6,23.4,61.9,4,1,42,7,Limited
Chittagong,Chittagong,Mirsharai,Industrial,537.8,57.8,60.2,39.4,65.6,5,2,57,9,Full
Chittagong,Chittagong,Patiya,Industrial,233.1,55.3,75.9,45.3,68.9,6,3,71,15,Full
Chittagong,Chittagong,Rangunia,Rural,447.7,40.2,56.1,19.9,69.8,3,1,39,9,Limited
Chittagong,Chittagong,Raozan,Industrial,218.0,65.2,58.7,45.2,76.5,6,1,43,9,Full
Chittagong,Chittagong,Sandwip,Coastal,776.7,43.0,70.3,32.4,60.2,4,2,54,8,Partial
Chittagong,Chittagong,Satkania,Rural,249.1,38.2,51.7,16.3,59.9,3,2,47,12,Limited
Chittagong,Chittagong,Sitakunda,Industrial,448.2,50.8,77.1,49.4,53.6,5,2,62,8,Full
Chittagong,Cox's Bazar,Cox's Bazar Sadar,Tourism,154.8,62.6,59.8,29.9,51.3,8,2,64,14,Partial
Chittagong,Cox's Bazar,Chakaria,Rural,827.3,33.0,48.5,21.1,66.0,7,2,56,11,Limited
Chittagong,Cox's Bazar,Kutubdia,Coastal,230.1,30.6,48.9,25.5,66.8,2,0,24,4,Partial
Chittagong,Cox's Bazar,Maheshkhali,Coastal,517.9,41.1,52.3,11.0,65.7,5,2,50,10,Partial
Chittagong,Cox's Bazar,Pekua,Coastal,324.9,28.5,59.4,20.8,56.1,2,0,27,5,Partial
Chittagong,Cox's Bazar,Ramu,Tourism,413.1,39.0,62.5,32.0,61.1,3,1,43,8,Partial
Chittagong,Cox's Bazar,Teknaf,Border,524.8,46.2,64.3,47.9,60.2,3,1,34,7,Partial
Chittagong,Cox's Bazar,Ukhia,Border,290.2,22.8,44.1,23.2,62.1,4,1,39,6,Partial
Chittagong,Cox's Bazar,Hnila,Border,120.0,35.9,71.8,16.2,48.5,1,0,10,2,Partial
Chittagong,Comilla,Kotwali Comilla,City,56.9,77.5,77.5,60.1,88.0,6,2,72,15,Full
Chittagong,Comilla,Adarsha Sadar,Sadar,290.6,50.7,69.4,56.2,62.6,5,1,47,10,Full
Chittagong,Comilla,Barura,Rural,339.3,51.6,57.2,20.8,73.0,4,1,42,9,Limited
Chittagong,Comilla,Brahmanpara,Rural,159.1,48.5,64.6,21.5,62.2,2,1,34,6,Limited
Chittagong,Comilla,Burichang,Rural,263.5,46.7,52.5,20.8,47.7,4,1,41,9,Limited
Chittagong,Comilla,Chandina,Rural,187.0,34.6,52.8,31.2,52.1,4,2,51,10,Limited
Chittagong,Comilla,Chauddagram,Industrial,356.7,63.3,72.1,50.7,65.0,5,1,52,7,Full
Chittagong,Comilla,Daudkandi,River,391.8,39.4,50.4,23.9,63.9,3,1,55,12,Limited
Chittagong,Comilla,Debidwar,Rural,565.8,45.0,57.4,38.5,63.5,6,1,52,10,Limited
Chittagong,Comilla,Homna,River,281.9,37.5,55.4,25.3,49.0,3,0,25,4,Limited
Chittagong,Comilla,Laksam,Industrial,127.8,63.4,79.7,53.0,70.3,2,1,41,7,Full
Chittagong,Comilla,Lalmai,Rural,110.0,33.4,68.0,25.8,61.4,2,0,24,4,Limited
Chittagong,Comilla,Manoharganj,Rural,442.2,33.3,59.4,11.6,65.6,3,1,34,7,Limited
Chittagong,Comilla,Meghna,River,235.4,39.7,61.6,19.7,64.0,2,1,26,5,Limited
Chittagong,Comilla,Muradnagar,Industrial,479.1,60.5,68.2,38.0,77.7,7,2,56,13,Full
Chittagong,Comilla,Nangalkot,Rural,279.3,41.6,62.5,40.5,61.5,5,1,44,9,Limited
Chittagong,Comilla,Titas,River,316.8,27.8,55.9,19.9,66.9,3,1,34,7,Limited
Chittagong,Brahmanbaria,Brahmanbaria Sadar,City,144.5,82.6,76.3,52.4,72.6,6,2,64,16,Full
Chittagong,Brahmanbaria,Akhaura,Border,164.5,39.8,51.2,29.5,53.2,2,1,28,4,Partial
Chittagong,Brahmanbaria,Ashuganj,Industrial,109.3,63.9,81.1,46.1,58.0,4,1,35,7,Full
Chittagong,Brahmanbaria,Bancharampur,Rural,263.4,38.5,55.8,23.9,51.9,3,1,47,8,Limited
Chittagong,Brahmanbaria,Bijoynagar,Rural,114.8,42.6,57.7,28.5,46.9,3,1,24,6,Limited
Chittagong,Brahmanbaria,Kasba,Border,438.6,40.6,67.0,21.8,62.1,4,2,44,8,Partial
Chittagong,Brahmanbaria,Nabinagar,Rural,509.5,33.3,44.8,28.3,55.5,4,2,54,11,Limited
Chittagong,Brahmanbaria,Nasirnagar,Rural,557.7,35.9,57.7,21.9,64.1,4,1,39,8,Limited
Chittagong,Brahmanbaria,Sarail,Rural,335.3,37.7,57.2,26.9,65.6,3,1,42,6,Limited
Chittagong,Brahmanbaria,Akhaura Land Port,Border,21.2,48.9,49.3,29.8,67.7,0,0,5,1,Partial
Chittagong,Brahmanbaria,Ashuganj Ferry,River,38.2,37.7,47.6,18.6,47.0,0,0,9,1,Limited
Chittagong,Chandpur,Chandpur Sadar,River,205.6,35.5,51.7,24.9,44.1,6,2,54,10,Limited
Chittagong,Chandpur,Faridganj,River,459.1,51.2,67.9,16.2,58.0,4,1,48,9,Limited
Chittagong,Chandpur,Haimchar,River,226.8,48.7,69.0,26.6,69.4,2,0,19,3,Limited
Chittagong,Chandpur,Haziganj,Rural,219.7,37.5,61.9,20.7,43.0,2,1,33,7,Limited
Chittagong,Chandpur,Kachua,Rural,573.2,29.1,55.1,34.7,56.1,3,1,42,7,Limited
Chittagong,Chandpur,Matlab Dakshin,River,149.2,55.4,52.9,24.7,64.5,3,1,35,7,Limited
Chittagong,Chandpur,Matlab Uttar,River,398.6,36.4,47.2,26.3,56.4,4,1,34,6,Limited
Chittagong,Chandpur,Shahrasti,Rural,164.0,44.2,59.1,25.6,49.6,2,1,31,5,Limited
Chittagong,Chandpur,Hajiganj,River,97.7,44.0,61.2,30.1,65.8,1,0,23,4,Limited
Chittagong,Feni,Feni Sadar,City,137.3,77.6,75.3,43.6,75.8,6,2,66,14,Full
Chittagong,Feni,Chhagalnaiya,Rural,189.9,39.4,45.2,27.5,53.9,3,1,30,7,Limited
Chittagong,Feni,Daganbhuiyan,Rural,565.2,36.6,59.4,17.8,54.4,4,1,35,8,Limited
Chittagong,Feni,Fulgazi,Rural,360.4,42.1,64.7,32.3,64.2,2,0,27,5,Limited
Chittagong,Feni,Parshuram,Border,95.5,49.5,66.4,16.0,60.5,1,0,18,3,Partial
Chittagong,Feni,Sonagazi,Industrial,480.4,56.5,67.8,52.9,72.2,3,1,36,8,Full
Chittagong,Feni,Muhuriganj,Rural,172.5,23.4,65.6,16.6,53.6,2,0,21,3,Limited
Chittagong,Feni,Feni North,Rural,125.5,25.9,55.8,31.5,57.5,1,0,14,2,Limited
Chittagong,Lakshmipur,Lakshmipur Sadar,Sadar,338.2,45.7,55.5,37.9,75.1,7,2,69,11,Full
Chittagong,Lakshmipur,Kamalnagar,Coastal,359.3,45.9,52.5,28.8,48.1,3,1,31,7,Partial
Chittagong,Lakshmipur,Ramganj,Rural,347.2,41.6,58.9,26.4,60.6,5,1,56,11,Limited
Chittagong,Lakshmipur,Ramgati,Coastal,703.5,35.9,56.2,29.7,50.3,4,1,39,9,Partial
Chittagong,Lakshmipur,Raipur,River,90.7,46.4,53.5,15.3,62.3,2,1,25,4,Limited
Chittagong,Lakshmipur,Char Ababil,Coastal,209.8,37.5,52.0,23.2,42.2,1,0,14,3,Partial
Chittagong,Lakshmipur,Meghna Ghat,River,66.9,39.4,63.6,29.8,48.3,0,0,8,1,Limited
Chittagong,Noakhali,Noakhali Sadar,Sadar,132.9,53.9,63.4,45.0,64.8,7,2,53,11,Full
Chittagong,Noakhali,Begumganj,Rural,286.5,40.3,53.4,27.2,53.4,9,3,97,15,Limited
Chittagong,Noakhali,Chatkhil,Rural,311.7,26.0,56.7,23.2,63.2,5,1,46,10,Limited
Chittagong,Noakhali,Companiganj,Coastal,670.2,35.6,62.2,29.4,66.9,5,2,42,10,Partial
Chittagong,Noakhali,Hatiya,Coastal,1625.0,44.6,55.0,30.9,69.7,5,2,52,14,Partial
Chittagong,Noakhali,Kabirhat,Rural,391.2,32.4,51.7,16.8,50.4,4,1,38,7,Limited
Chittagong,Noakhali,Senbagh,Rural,192.5,39.0,59.9,15.9,57.9,3,1,34,6,Limited
Chittagong,Noakhali,Sonaimuri,Rural,242.7,43.2,58.8,36.5,47.5,4,1,36,9,Limited
Chittagong,Noakhali,Subarnachar,Coastal,792.8,50.3,56.8,14.5,59.1,3,1,39,6,Partial
Chittagong,Noakhali,Char Jublee,Coastal,418.7,40.5,45.3,44.2,60.4,2,0,18,3,Partial
Chittagong,Noakhali,Noakhali Model,Sadar,67.8,54.2,61.9,44.8,70.2,2,0,18,3,Full
Chittagong,Bandarban,Bandarban Sadar,Hill,817.1,53.5,53.8,24.5,68.5,1,0,15,2,Limited
Chittagong,Bandarban,Ali Kadam,Hill,1552.2,38.8,48.0,30.9,51.7,0,0,9,2,Limited
Chittagong,Bandarban,Lama,Hill,1456.6,51.3,61.2,13.8,53.7,1,0,15,2,Limited
Chittagong,Bandarban,Naikhongchhari,Hill,2356.5,37.6,61.5,16.8,55.4,1,0,11,2,Limited
Chittagong,Bandarban,Ruma,Hill,1900.7,50.4,55.0,33.3,68.9,0,0,7,1,Limited
Chittagong,Bandarban,Rowangchhari,Hill,892.4,35.1,71.8,33.5,62.6,0,0,7,1,Limited
Chittagong,Bandarban,Thanchi,Hill,1811.4,32.0,46.4,13.2,48.9,0,0,5,1,Limited
Chittagong,Khagrachhari,Khagrachhari Sadar,Hill,491.2,31.8,61.5,18.0,58.3,2,1,25,4,Limited
Chittagong,Khagrachhari,Dighinala,Hill,1430.1,46.6,40.0,34.3,63.9,1,0,12,2,Limited
Chittagong,Khagrachhari,Matiranga,Hill,1041.3,40.1,55.2,28.9,57.2,1,0,14,3,Limited
Chittagong,Khagrachhari,Ramgarh,Border,506.2,40.7,60.6,28.8,44.1,1,0,12,2,Partial
Chittagong,Khagrachhari,Manikchhari,Hill,454.3,51.9,52.6,17.5,64.0,0,0,9,2,Limited
Chittagong,Khagrachhari,Panchhari,Hill,477.5,31.7,50.9,16.6,73.2,1,0,8,2,Limited
Chittagong,Khagrachhari,Lakshmichhari,Hill,338.4,46.0,59.9,22.0,65.4,0,0,7,1,Limited
Chittagong,Khagrachhari,Mahalchhari,Hill,243.6,51.8,56.8,30.4,66.7,0,0,7,1,Limited
Chittagong,Rangamati,Rangamati Sadar,Hill,774.0,32.1,45.6,32.7,48.9,2,0,21,4,Limited
Chittagong,Rangamati,Kaptai,Hill,750.5,33.2,48.0,17.4,72.4,1,0,11,2,Limited
Chittagong,Rangamati,Langadu,Hill,1021.0,34.3,55.9,21.6,55.6,0,0,8,1,Limited
Chittagong,Rangamati,Bagaichhari,Hill,858.0,33.3,54.3,25.8,61.7,0,0,7,1,Limited
Chittagong,Rangamati,Barkal,Hill,2179.1,40.3,46.5,28.7,64.5,0,0,5,1,Limited
Chittagong,Rangamati,Belaichhari,Hill,1437.4,31.7,58.0,29.0,51.5,0,0,4,1,Limited
Chittagong,Rangamati,Rajasthali,Hill,640.6,38.7,58.8,29.0,52.6,0,0,4,1,Limited
Chittagong,Rangamati,Naniarchar,Hill,363.6,55.1,50.5,17.1,55.2,0,0,6,1,Limited
Chittagong,Rangamati,Juraichhari,Hill,1319.5,35.9,56.6,20.1,49.9,0,0,4,1,Limited
Chittagong,Rangamati,Kawkhali Rmt,Hill,604.4,50.6,62.2,18.9,60.2,0,0,6,1,Limited
Dhaka,Dhaka,Motijheel,Metropolitan,5.5,81.7,78.0,57.8,71.0,6,2,80,19,Full
Dhaka,Dhaka,Kotwali Dhaka,Metropolitan,3.5,70.9,79.7,61.5,65.9,7,2,61,15,Full
Dhaka,Dhaka,Sutrapur,Metropolitan,9.8,70.3,82.0,56.1,78.6,4,1,54,11,Full
Dhaka,Dhaka,Wari,Metropolitan,3.5,84.8,79.7,52.8,66.3,3,2,48,9,Full
Dhaka,Dhaka,Lalbagh,Metropolitan,8.4,72.2,81.8,55.2,59.6,5,2,65,12,Full
Dhaka,Dhaka,Hazaribagh,Metropolitan,4.4,91.1,80.4,55.5,72.1,6,2,47,12,Full
Dhaka,Dhaka,Kamrangirchar,Metropolitan,6.2,80.3,81.2,63.9,76.7,5,3,57,10,Full
Dhaka,Dhaka,Demra,Metropolitan,9.9,82.3,77.0,64.9,94.9,9,3,92,25,Full
Dhaka,Dhaka,Jatrabari,Metropolitan,8.5,79.9,85.6,65.8,80.8,8,3,82,17,Full
Dhaka,Dhaka,Kadamtali,Metropolitan,14.3,93.2,71.2,61.3,75.1,5,2,56,12,Full
Dhaka,Dhaka,Shyampur,Metropolitan,8.8,87.9,86.0,68.3,71.3,5,2,63,11,Full
Dhaka,Dhaka,Dhanmondi,Metropolitan,17.3,74.3,83.4,62.6,83.5,5,2,49,11,Full
Dhaka,Dhaka,Adabor,Metropolitan,6.9,84.1,90.3,57.5,78.2,6,2,49,9,Full
Dhaka,Dhaka,Mohammadpur,Metropolitan,12.3,83.6,79.8,56.1,84.3,6,1,61,13,Full
Dhaka,Dhaka,Sher-e-Bangla Nagar,Metropolitan,7.4,79.7,90.8,75.5,78.1,4,1,42,7,Full
Dhaka,Dhaka,Tejgaon,Metropolitan,14.1,89.1,83.0,63.7,68.3,4,2,60,12,Full
Dhaka,Dhaka,Tejgaon Industrial,Industrial,12.5,49.2,69.9,57.9,79.3,5,1,41,10,Full
Dhaka,Dhaka,Kafrul,Metropolitan,17.0,85.0,92.6,67.5,73.9,4,2,46,8,Full
Dhaka,Dhaka,Pallabi,Metropolitan,26.2,97.0,65.9,64.4,75.7,4,2,52,11,Full
Dhaka,Dhaka,Mirpur,Metropolitan,15.0,74.7,90.6,54.3,70.8,10,3,77,13,Full
Dhaka,Dhaka,Shah Ali,Metropolitan,12.2,81.1,88.4,59.8,66.2,6,2,44,12,Full
Dhaka,Dhaka,Turag,Metropolitan,19.4,90.4,91.0,58.5,85.6,4,2,58,10,Full
Dhaka,Dhaka,Uttara,Metropolitan,16.6,78.7,90.2,71.0,64.1,7,2,59,13,Full
Dhaka,Dhaka,Uttara West,Metropolitan,22.3,83.0,85.0,65.4,80.3,3,2,51,13,Full
Dhaka,Dhaka,Airport,Metropolitan,16.3,74.3,91.8,53.9,81.0,4,2,51,9,Full
Dhaka,Dhaka,Dakshinkhan,Metropolitan,11.3,68.0,86.6,75.5,66.9,5,1,58,12,Full
Dhaka,Dhaka,Uttar Khan,Metropolitan,22.1,96.6,82.9,62.6,70.0,5,1,51,8,Full
Dhaka,Dhaka,Badda,Metropolitan,20.6,62.3,85.2,58.3,89.4,6,2,66,9,Full
Dhaka,Dhaka,Rampura,Metropolitan,6.8,82.6,89.0,64.5,81.3,6,2,54,10,Full
Dhaka,Dhaka,Khilgaon,Metropolitan,17.2,77.3,81.0,66.1,94.6,6,2,55,12,Full
Dhaka,Dhaka,Sabujbagh,Metropolitan,11.2,75.6,89.2,67.5,68.7,4,2,64,14,Full
Dhaka,Dhaka,Gulshan,Metropolitan,18.6,81.4,76.5,67.7,52.1,4,2,47,10,Full
Dhaka,Dhaka,Banani,Metropolitan,7.5,85.4,84.1,61.8,70.1,3,1,39,10,Full
Dhaka,Dhaka,Cantonment Dhaka,Metropolitan,20.8,77.8,88.1,49.2,70.7,4,1,51,9,Full
Dhaka,Dhaka,Khilkhet,Metropolitan,16.9,94.5,85.5,81.2,75.8,4,2,40,11,Full
Dhaka,Dhaka,Vatara,Metropolitan,23.3,78.1,91.6,74.5,80.0,5,1,47,9,Full
Dhaka,Dhaka,Bhatara,Metropolitan,13.2,76.0,88.4,76.6,90.7,3,2,38,9,Full
Dhaka,Dhaka,Agargaon,Metropolitan,6.6,87.6,86.3,86.5,69.6,3,1,38,9,Full
Dhaka,Dhaka,Chawkbazar,Metropolitan,5.0,86.1,83.8,74.6,72.7,3,1,45,11,Full
Dhaka,Dhaka,Newmarket,Metropolitan,6.2,71.8,73.6,66.2,72.9,3,1,42,8,Full
Dhaka,Dhaka,Ramna,Metropolitan,4.3,92.2,80.1,60.0,73.4,5,2,41,9,Full
Dhaka,Dhaka,Shahbag,Metropolitan,7.5,82.2,86.9,62.9,69.7,4,1,35,7,Full
Dhaka,Dhaka,Hatirjheel,Metropolitan,6.4,80.3,75.7,54.2,79.9,3,1,36,5,Full
Dhaka,Dhaka,Rupnagar,Metropolitan,14.6,67.2,88.6,62.4,72.8,4,1,39,7,Full
Dhaka,Dhaka,Matijhata,Metropolitan,14.9,73.4,80.0,68.4,79.4,4,1,49,10,Full
Dhaka,Dhaka,Keraniganj Model,Industrial,33.6,56.1,66.5,36.1,78.6,7,3,90,19,Full
Dhaka,Dhaka,Nawabganj Dhaka,Metropolitan,7.5,71.6,86.8,64.0,72.3,3,1,39,10,Full
Dhaka,Dhaka,Dhamrai,Rural,399.9,33.2,53.6,30.8,65.3,8,2,77,16,Limited
Dhaka,Dhaka,Dohar,River,212.6,29.7,55.6,15.4,50.7,4,1,30,5,Limited
Dhaka,Dhaka,Savar,Industrial,395.4,52.8,65.8,46.8,73.7,23,8,233,48,Full
Dhaka,Gazipur,Gazipur Sadar,Industrial,136.3,44.5,71.1,58.9,68.4,26,12,248,50,Full
Dhaka,Gazipur,Joydebpur,City,149.5,59.3,69.7,54.1,82.3,15,5,140,24,Full
Dhaka,Gazipur,Kaliakair,Industrial,686.2,53.6,68.8,53.4,73.4,14,4,106,27,Full
Dhaka,Gazipur,Kaliganj,Industrial,258.8,54.6,76.2,52.7,82.0,8,2,58,11,Full
Dhaka,Gazipur,Kapasia,Rural,767.2,37.1,53.9,28.5,50.4,4,2,47,12,Limited
Dhaka,Gazipur,Sreepur,Industrial,617.4,66.1,70.3,36.9,59.9,7,4,81,15,Full
Dhaka,Gazipur,Tongi,Industrial,43.4,53.2,67.9,30.8,72.6,8,3,95,22,Full
Dhaka,Gazipur,Basan,Industrial,91.0,72.4,83.8,40.5,63.9,5,2,52,11,Full
Dhaka,Gazipur,Pubail,Industrial,49.2,62.7,74.9,39.7,66.3,3,1,47,9,Full
Dhaka,Gazipur,Gazipur Industrial North,Industrial,54.7,46.7,72.4,26.3,86.2,3,1,33,9,Full
Dhaka,Narayanganj,Narayanganj Sadar,Industrial,26.4,68.9,72.4,46.3,68.1,8,4,103,24,Full
Dhaka,Narayanganj,Fatullah,Industrial,16.7,55.0,68.2,56.4,63.7,11,4,97,16,Full
Dhaka,Narayanganj,Siddhirganj,Industrial,52.7,64.0,69.6,40.6,67.4,7,3,72,18,Full
Dhaka,Narayanganj,Bandar,Industrial,34.2,62.1,75.7,49.4,81.5,8,3,84,16,Full
Dhaka,Narayanganj,Araihazar,Industrial,191.4,53.2,54.8,32.2,87.2,5,2,69,15,Full
Dhaka,Narayanganj,Rupganj,Industrial,246.9,61.7,76.8,36.1,83.4,14,3,126,27,Full
Dhaka,Narayanganj,Sonargaon,Industrial,339.5,51.3,70.3,28.3,64.0,7,2,78,14,Full
Dhaka,Narayanganj,Adamjee,Industrial,12.8,55.6,76.3,36.8,69.8,3,1,32,6,Full
Dhaka,Narayanganj,Narayanganj Port,Industrial,7.3,48.5,76.2,47.4,74.1,1,0,17,3,Full
Dhaka,Narsingdi,Narsingdi Sadar,Industrial,125.5,57.2,78.0,62.2,60.0,7,4,93,25,Full
Dhaka,Narsingdi,Belabo,Rural,312.5,31.6,51.1,27.7,45.3,2,1,30,7,Limited
Dhaka,Narsingdi,Monohardi,Rural,198.5,40.4,57.0,25.8,61.4,3,1,28,5,Limited
Dhaka,Narsingdi,Palash,Industrial,77.6,59.3,65.5,35.4,84.9,4,2,52,11,Full
Dhaka,Narsingdi,Raipura,River,499.7,14.6,50.4,21.1,64.3,4,2,57,14,Limited
Dhaka,Narsingdi,Shibpur,Industrial,446.9,82.9,72.7,45.3,79.8,3,2,48,11,Full
Dhaka,Narsingdi,Ghodashail,Industrial,29.7,60.3,69.1,61.4,65.7,2,1,24,5,Full
Dhaka,Narsingdi,Madhabdi,Industrial,53.9,63.0,71.4,40.6,64.4,2,1,21,4,Full
Dhaka,Kishoreganj,Kishoreganj Sadar,City,219.6,70.3,76.2,60.0,69.5,6,2,58,13,Full
Dhaka,Kishoreganj,Astagram,River,715.2,33.8,57.2,22.3,66.7,4,1,43,9,Limited
Dhaka,Kishoreganj,Bajitpur,River,220.4,46.4,59.1,24.3,57.5,3,1,40,9,Limited
Dhaka,Kishoreganj,Bhairab,Industrial,179.8,63.1,76.5,33.5,70.3,5,2,60,13,Full
Dhaka,Kishoreganj,Hossainpur,Rural,206.7,43.2,54.9,19.9,52.9,2,1,33,7,Limited
Dhaka,Kishoreganj,Itna,River,517.6,30.4,56.0,28.8,76.8,3,1,29,5,Limited
Dhaka,Kishoreganj,Karimganj,Rural,634.5,44.8,62.3,26.7,59.4,2,1,39,9,Limited
Dhaka,Kishoreganj,Katiadi,Rural,340.8,27.9,51.8,15.1,64.0,5,1,49,9,Limited
Dhaka,Kishoreganj,Kuliarchar,River,363.9,30.8,62.6,35.4,66.3,4,1,29,8,Limited
Dhaka,Kishoreganj,Mithamain,River,245.5,28.2,54.0,32.4,60.4,1,1,26,5,Limited
Dhaka,Kishoreganj,Nikli,River,360.8,34.5,58.9,34.5,56.5,2,0,20,3,Limited
Dhaka,Kishoreganj,Pakundia,Rural,162.4,36.4,50.7,26.7,62.7,4,2,51,10,Limited
Dhaka,Kishoreganj,Tarail,Rural,174.5,43.3,51.8,19.2,48.3,3,0,30,5,Limited
Dhaka,Kishoreganj,Bhairab Ferry,River,25.8,20.1,49.9,33.8,59.3,0,0,5,1,Limited
Dhaka,Kishoreganj,Kuliarchar River,River,23.6,50.4,53.0,22.1,58.7,0,0,5,1,Limited
Dhaka,Tangail,Tangail Sadar,City,220.4,82.5,72.3,52.9,67.7,11,4,87,19,Full
Dhaka,Tangail,Basail,Rural,288.8,50.9,56.6,37.1,74.8,1,0,21,3,Limited
Dhaka,Tangail,Bhuapur,Rural,318.9,40.2,53.1,8.0,39.7,3,1,32,5,Limited
Dhaka,Tangail,Delduar,Rural,270.2,39.7,53.3,19.1,60.3,3,1,29,7,Limited
Dhaka,Tangail,Dhanbari,Rural,249.2,40.7,50.6,20.0,62.2,3,1,29,6,Limited
Dhaka,Tangail,Ghatail,Rural,534.3,36.7,39.9,21.1,66.0,4,1,57,12,Limited
Dhaka,Tangail,Gopalpur,Rural,352.6,35.6,47.6,23.5,66.5,2,1,30,7,Limited
Dhaka,Tangail,Kalihati,Industrial,518.6,67.4,59.4,61.6,50.7,5,1,52,9,Full
Dhaka,Tangail,Madhupur,Rural,1037.7,36.9,47.5,17.7,67.3,6,1,57,13,Limited
Dhaka,Tangail,Mirzapur,Industrial,716.6,73.0,62.7,39.9,77.9,6,2,58,14,Full
Dhaka,Tangail,Nagarpur,Rural,383.1,37.1,53.8,10.7,63.4,3,1,36,7,Limited
Dhaka,Tangail,Sakhipur,Rural,227.0,39.6,64.7,18.7,56.6,2,1,38,8,Limited
Dhaka,Tangail,Madhupur Forest,Rural,131.1,33.1,65.2,16.0,67.5,0,0,8,1,Limited
Dhaka,Tangail,Tangail Model,City,29.1,68.8,77.4,58.4,65.4,1,1,18,3,Full
Dhaka,Manikganj,Manikganj Sadar,Sadar,261.3,62.7,63.6,25.6,75.6,3,2,42,8,Full
Dhaka,Manikganj,Daulatpur,River,396.0,31.9,62.6,36.7,58.0,3,1,34,6,Limited
Dhaka,Manikganj,Ghior,Rural,372.7,41.2,57.9,14.8,59.0,2,1,28,5,Limited
Dhaka,Manikganj,Harirampur,River,508.8,26.6,59.0,29.1,62.2,3,1,31,5,Limited
Dhaka,Manikganj,Saturia,Rural,115.4,39.2,59.0,19.7,51.8,2,1,28,4,Limited
Dhaka,Manikganj,Shibalaya,River,355.6,55.9,48.8,29.6,68.1,3,1,23,5,Limited
Dhaka,Manikganj,Singair,Rural,526.2,48.3,55.1,29.2,47.3,3,1,40,7,Limited
Dhaka,Manikganj,Paturia Ghat,River,27.5,38.6,62.7,20.7,63.0,0,0,7,1,Limited
Dhaka,Manikganj,Aricha Ghat,River,11.5,49.2,53.1,20.5,59.6,0,0,3,1,Limited
Dhaka,Munshiganj,Munshiganj Sadar,Industrial,96.2,63.2,64.2,43.1,70.3,4,2,62,12,Full
Dhaka,Munshiganj,Gazaria,Industrial,245.4,76.9,81.9,45.9,81.6,3,1,34,5,Full
Dhaka,Munshiganj,Louhajang,River,243.6,34.2,50.6,28.5,63.1,3,1,36,8,Limited
Dhaka,Munshiganj,Sirajdikhan,Industrial,198.5,66.8,66.2,27.0,64.6,3,1,46,9,Full
Dhaka,Munshiganj,Sreenagar,Industrial,252.3,61.5,72.9,47.8,66.8,5,1,48,8,Full
Dhaka,Munshiganj,Tongibari,River,290.3,40.9,65.0,21.6,51.9,3,1,39,10,Limited
Dhaka,Munshiganj,Mawa Ferry,River,21.6,39.9,51.9,24.6,59.2,0,0,3,1,Limited
Dhaka,Munshiganj,Lauhajang Ferry,River,9.4,33.0,57.7,35.6,57.8,0,0,3,1,Limited
Dhaka,Faridpur,Faridpur Sadar,Sadar,369.9,42.0,72.0,43.4,73.7,5,2,63,13,Full
Dhaka,Faridpur,Alfadanga,Rural,279.7,34.4,66.1,13.2,55.7,1,0,22,4,Limited
Dhaka,Faridpur,Bhanga,River,461.1,16.5,59.2,27.4,63.5,4,1,36,6,Limited
Dhaka,Faridpur,Boalmari,Rural,212.1,38.0,53.8,30.2,45.2,3,1,33,6,Limited
Dhaka,Faridpur,Char Bhadrasan,River,194.7,38.1,53.9,40.5,69.9,1,0,16,3,Limited
Dhaka,Faridpur,Madhukhali,Rural,237.3,36.5,48.6,26.2,62.1,2,0,25,5,Limited
Dhaka,Faridpur,Nagarkanda,Rural,122.8,59.4,59.8,29.5,60.8,1,0,20,5,Limited
Dhaka,Faridpur,Saltha,Rural,113.7,46.8,59.6,33.6,66.5,2,0,19,3,Limited
Dhaka,Faridpur,Sadarpur,River,347.7,41.9,60.2,28.6,53.2,2,1,31,5,Limited
Dhaka,Faridpur,Faridpur Model,Sadar,39.7,59.3,72.7,32.5,79.9,1,0,15,2,Full
Dhaka,Gopalganj,Gopalganj Sadar,Sadar,284.1,46.3,76.1,36.4,61.2,3,1,38,6,Full
Dhaka,Gopalganj,Kashiani,Rural,332.3,31.8,63.4,24.6,44.3,3,1,32,5,Limited
Dhaka,Gopalganj,Kotalipara,Rural,634.3,19.6,55.5,31.2,65.6,2,1,37,7,Limited
Dhaka,Gopalganj,Muksudpur,Rural,469.6,33.5,45.8,22.8,50.6,2,1,32,8,Limited
Dhaka,Gopalganj,Tungipara,Rural,161.5,34.7,53.6,11.4,52.4,2,0,15,3,Limited
Dhaka,Gopalganj,Gopalganj Model,Sadar,20.9,51.7,63.4,43.3,57.2,1,0,12,2,Full
Dhaka,Gopalganj,Kotalipara Ferry,River,21.0,28.6,56.8,18.0,59.7,0,0,3,1,Limited
Dhaka,Madaripur,Madaripur Sadar,Sadar,197.3,57.2,75.2,45.7,57.4,6,2,52,11,Full
Dhaka,Madaripur,Kalkini,River,719.3,56.7,51.1,20.9,62.0,4,1,40,8,Limited
Dhaka,Madaripur,Rajoir,River,223.2,43.3,54.7,39.2,60.6,3,1,29,5,Limited
Dhaka,Madaripur,Shibchar,River,578.4,27.7,59.7,28.9,63.2,5,2,42,10,Limited
Dhaka,Madaripur,Sibchar Ferry,River,14.3,46.1,51.8,25.4,58.3,0,0,3,1,Limited
Dhaka,Madaripur,Muksudpur Ferry,River,7.7,38.6,60.8,16.5,52.1,0,0,4,1,Limited
Dhaka,Rajbari,Rajbari Sadar,Sadar,83.0,43.5,64.6,39.8,68.7,3,1,42,10,Full
Dhaka,Rajbari,Baliakandi,Rural,383.8,45.1,56.8,19.5,59.2,2,1,22,6,Limited
Dhaka,Rajbari,Goalandaghat,River,302.7,36.6,55.1,24.1,49.7,1,0,26,4,Limited
Dhaka,Rajbari,Kalukhali,River,157.3,35.6,55.2,42.8,71.8,2,0,18,3,Limited
Dhaka,Rajbari,Pangsha,Rural,531.4,46.5,55.6,37.5,55.1,3,1,29,6,Limited
Dhaka,Rajbari,Goalanda Ghat,River,14.0,32.3,62.3,30.4,59.0,0,0,4,1,Limited
Dhaka,Rajbari,Rajbari Model,Sadar,39.0,51.6,76.4,35.7,72.2,1,0,13,2,Full
Dhaka,Shariatpur,Shariatpur Sadar,Sadar,90.8,44.0,58.0,35.9,59.6,3,2,52,10,Full
Dhaka,Shariatpur,Bhedarganj,River,208.0,35.8,49.3,25.3,59.1,4,1,39,6,Limited
Dhaka,Shariatpur,Damudya,River,151.3,46.1,54.6,30.9,45.5,2,0,30,5,Limited
Dhaka,Shariatpur,Gosairhat,River,374.6,38.9,55.1,34.2,67.8,3,1,30,6,Limited
Dhaka,Shariatpur,Jajira,River,207.7,46.6,63.9,22.1,59.0,2,1,30,8,Limited
Dhaka,Shariatpur,Naria,River,480.2,40.9,58.2,20.7,50.7,3,1,33,5,Limited
Dhaka,Shariatpur,Shakhipur River,River,17.3,41.7,44.6,29.6,50.4,0,0,3,1,Limited
Dhaka,Shariatpur,Jajira Ferry,River,6.6,41.7,59.6,27.3,53.9,0,0,3,1,Limited
Khulna,Khulna,Khulna Kotwali,Metropolitan,8.3,79.8,89.2,62.2,83.6,5,2,73,15,Full
Khulna,Khulna,Sonadanga,Metropolitan,6.3,71.5,91.9,66.5,78.9,3,2,44,12,Full
Khulna,Khulna,Khalishpur,Industrial,10.1,65.9,69.8,52.8,74.2,4,1,44,10,Full
Khulna,Khulna,Daulatpur,Industrial,15.9,65.3,74.2,47.1,83.5,5,2,51,10,Full
Khulna,Khulna,Khan Jahan Ali,Metropolitan,15.5,87.3,82.5,56.0,72.6,4,1,42,7,Full
Khulna,Khulna,Harintana,Metropolitan,15.7,78.5,93.4,56.8,72.6,4,1,42,7,Full
Khulna,Khulna,Arongghata,Metropolitan,17.0,84.1,85.5,73.9,81.0,3,1,40,8,Full
Khulna,Khulna,Khulna Industrial,Industrial,21.4,64.1,72.6,50.5,75.9,3,1,36,7,Full
Khulna,Khulna,Batiaghata,Rural,262.3,40.4,53.8,24.2,62.8,2,1,24,5,Limited
Khulna,Khulna,Dacope,Coastal,3128.3,45.7,50.3,28.3,66.0,2,1,28,5,Partial
Khulna,Khulna,Dighalia,Rural,279.1,26.5,53.7,36.5,59.1,1,0,20,4,Limited
Khulna,Khulna,Dumuria,Rural,470.2,29.0,55.8,24.1,58.2,4,1,40,7,Limited
Khulna,Khulna,Koyra,Coastal,2893.4,41.8,43.8,22.9,64.8,2,0,23,4,Partial
Khulna,Khulna,Paikgachha,Coastal,942.0,50.7,52.6,28.4,55.0,3,1,27,5,Partial
Khulna,Khulna,Phultala,Industrial,114.3,51.2,62.9,51.4,73.1,1,0,19,3,Full
Khulna,Khulna,Rupsha,Industrial,146.8,48.5,53.2,58.9,61.1,3,1,30,7,Full
Khulna,Khulna,Mongla Port,Industrial,240.9,66.6,60.4,37.6,87.9,1,0,23,4,Full
Khulna,Bagerhat,Bagerhat Sadar,Sadar,523.8,60.2,61.2,51.7,61.3,5,1,39,8,Full
Khulna,Bagerhat,Chitalmari,Rural,149.0,54.5,63.0,28.2,70.3,1,0,18,4,Limited
Khulna,Bagerhat,Fakirhat,Rural,302.1,30.8,51.7,26.5,58.9,1,0,19,3,Limited
Khulna,Bagerhat,Kachua,Rural,424.3,57.3,56.3,28.5,50.1,3,0,32,7,Limited
Khulna,Bagerhat,Mollahat,Rural,494.8,26.6,47.4,13.5,56.1,2,0,26,3,Limited
Khulna,Bagerhat,Mongla,Industrial,3927.8,41.0,69.1,41.7,77.2,2,0,18,4,Full
Khulna,Bagerhat,Morrelganj,Coastal,621.8,50.8,52.6,23.5,54.9,2,1,35,7,Partial
Khulna,Bagerhat,Rampal,Rural,641.0,47.8,51.4,28.8,68.7,2,0,24,5,Limited
Khulna,Bagerhat,Sarankhola,Coastal,322.8,48.9,51.6,22.4,64.1,1,0,18,3,Partial
Khulna,Bagerhat,Mongla EPZ,Industrial,34.7,64.4,66.6,37.4,65.8,0,0,8,2,Full
Khulna,Bagerhat,Bagerhat Model,Sadar,17.8,51.5,69.7,35.4,54.2,0,0,9,2,Full
Khulna,Jessore,Jessore Kotwali,City,150.4,63.4,74.3,57.3,63.7,7,3,89,16,Full
Khulna,Jessore,Abhaynagar,Industrial,543.9,69.9,77.4,41.6,70.8,2,1,36,6,Full
Khulna,Jessore,Bagherpara,Rural,442.1,41.8,56.3,19.1,55.2,4,1,36,6,Limited
Khulna,Jessore,Chaugachha,Rural,245.2,28.8,61.0,25.5,49.2,3,1,43,8,Limited
Khulna,Jessore,Jhikargachha,Border,298.9,47.7,71.6,30.9,62.4,5,1,43,7,Partial
Khulna,Jessore,Keshabpur,Rural,320.9,46.3,57.1,23.7,56.6,3,1,29,8,Limited
Khulna,Jessore,Manirampur,Rural,408.2,31.7,57.5,21.5,52.6,4,2,61,11,Limited
Khulna,Jessore,Sharsha,Border,263.3,46.6,66.5,25.9,56.0,4,1,48,10,Partial
Khulna,Jessore,Benapole Land Port,Border,46.7,41.4,63.9,30.4,60.2,1,0,8,2,Partial
Khulna,Jessore,Jessore Cantonment,Metropolitan,34.4,76.0,83.2,59.6,79.3,1,0,13,2,Full
Khulna,Jhenaidah,Jhenaidah Sadar,City,277.3,77.2,86.3,62.6,77.1,4,2,60,13,Full
Khulna,Jhenaidah,Harinakunda,Rural,439.0,45.6,59.1,22.7,46.3,3,0,29,5,Limited
Khulna,Jhenaidah,Kaliganj,Rural,454.0,37.7,55.9,39.9,48.6,3,1,41,8,Limited
Khulna,Jhenaidah,Kotchandpur,Rural,438.3,51.8,49.3,22.4,55.7,2,0,22,4,Limited
Khulna,Jhenaidah,Maheshpur,Rural,406.4,39.1,55.6,34.0,59.3,3,1,50,9,Limited
Khulna,Jhenaidah,Shailkupa,Rural,769.5,33.3,58.8,34.2,59.2,5,1,44,8,Limited
Khulna,Jhenaidah,Halidhani,Rural,93.1,35.3,54.2,25.0,50.0,1,0,18,2,Limited
Khulna,Jhenaidah,Jhenaidah Model,City,31.4,59.1,67.2,50.0,81.0,1,0,13,3,Full
Khulna,Kushtia,Kushtia Sadar,City,178.1,67.6,63.9,46.2,76.2,7,3,76,12,Full
Khulna,Kushtia,Bheramara,Industrial,239.6,52.9,67.4,46.0,71.6,2,1,33,7,Full
Khulna,Kushtia,Daulatpur Kus,Rural,541.1,41.8,55.9,37.6,49.2,3,1,37,8,Limited
Khulna,Kushtia,Khoksa,Industrial,134.5,51.0,71.2,41.8,73.4,2,0,22,4,Full
Khulna,Kushtia,Kumarkhali,Industrial,225.3,43.3,65.0,27.6,66.2,5,1,43,9,Full
Khulna,Kushtia,Mirpur Kus,Rural,203.3,31.5,58.3,22.9,57.0,4,1,43,8,Limited
Khulna,Kushtia,Hardinge Bridge,Industrial,10.0,60.6,68.3,46.3,72.3,0,0,5,1,Full
Khulna,Kushtia,Lalon Shah Border,Border,16.4,31.0,60.4,27.5,72.3,0,0,8,1,Partial
Khulna,Chuadanga,Chuadanga Sadar,Border,292.3,55.9,50.3,20.5,64.2,4,1,45,10,Partial
Khulna,Chuadanga,Alamdanga,Rural,573.2,25.1,73.3,22.2,46.1,3,1,35,8,Limited
Khulna,Chuadanga,Damurhuda,Border,482.3,47.6,58.0,45.0,57.3,2,1,27,6,Partial
Khulna,Chuadanga,Jibannagar,Rural,361.0,34.5,64.1,14.9,65.0,2,0,25,4,Limited
Khulna,Chuadanga,Chuadanga Border,Border,30.3,35.6,49.0,20.9,67.0,0,0,5,1,Partial
Khulna,Chuadanga,Darshana ICT,Border,27.1,36.4,57.6,26.0,61.9,0,0,4,1,Partial
Khulna,Magura,Magura Sadar,Sadar,307.6,53.5,69.2,50.0,57.7,3,2,53,10,Full
Khulna,Magura,Mohammadpur,Rural,335.5,34.3,63.3,32.8,49.5,2,0,28,6,Limited
Khulna,Magura,Shalikha,Rural,301.3,25.8,56.1,34.1,62.6,1,0,21,3,Limited
Khulna,Magura,Sreepur,Rural,456.7,36.2,57.8,10.5,68.9,2,0,26,3,Limited
Khulna,Magura,Magura Model,Sadar,34.8,60.6,70.1,47.9,73.2,1,0,10,2,Full
Khulna,Magura,Binarpota,Rural,154.9,43.4,50.1,21.1,65.0,1,0,13,3,Limited
Khulna,Meherpur,Meherpur Sadar,Border,128.9,37.1,64.4,41.3,64.8,3,1,38,5,Partial
Khulna,Meherpur,Gangni,Border,313.6,44.1,66.9,39.5,55.5,3,1,34,6,Partial
Khulna,Meherpur,Mujibnagar,Border,64.2,30.2,66.1,31.3,62.7,1,0,11,2,Partial
Khulna,Meherpur,Meherpur Border,Border,16.8,35.4,57.8,38.8,58.0,0,0,4,1,Partial
Khulna,Meherpur,Meherpur Model,Border,10.9,39.6,51.3,22.0,66.1,0,0,9,1,Partial
Khulna,Narail,Narail Sadar,Sadar,178.4,64.4,58.7,36.1,74.0,3,1,45,7,Full
Khulna,Narail,Kalia,Rural,482.1,42.2,36.1,25.6,62.4,4,1,32,7,Limited
Khulna,Narail,Lohagara,Rural,378.2,25.3,52.8,15.3,63.7,3,0,31,5,Limited
Khulna,Narail,Narail Model,Sadar,30.7,58.6,70.5,48.7,61.3,0,0,9,1,Full
Khulna,Narail,Narail River,River,50.0,44.4,57.1,21.0,55.9,0,0,6,1,Limited
Khulna,Satkhira,Satkhira Sadar,Border,425.4,38.4,59.7,29.8,50.6,6,2,58,14,Partial
Khulna,Satkhira,Assasuni,Coastal,715.1,23.9,64.9,32.5,60.6,4,1,33,5,Partial
Khulna,Satkhira,Debhata,Border,616.8,45.6,56.8,32.8,62.9,2,1,27,5,Partial
Khulna,Satkhira,Kalaroa,Rural,611.6,50.2,49.7,23.2,40.5,5,1,43,9,Limited
Khulna,Satkhira,Kaliganj Sat,Coastal,722.0,39.1,60.4,28.4,54.4,3,1,32,7,Partial
Khulna,Satkhira,Shyamnagar,Coastal,3038.3,35.7,66.2,28.5,59.0,3,1,30,6,Partial
Khulna,Satkhira,Tala,Rural,201.6,39.3,46.5,15.3,71.3,2,1,32,6,Limited
Khulna,Satkhira,Bhomra Land Port,Border,16.4,45.6,56.4,24.8,36.1,0,0,6,1,Partial
Khulna,Satkhira,Sundarban,Coastal,35.0,46.0,57.0,27.2,50.3,0,0,2,1,Partial
Mymensingh,Mymensingh,Mymensingh Kotwali,City,169.7,76.9,82.0,50.5,76.4,12,4,129,26,Full
Mymensingh,Mymensingh,Mymensingh Sadar,Sadar,269.9,52.9,66.4,27.7,64.5,5,3,63,17,Full
Mymensingh,Mymensingh,Bhaluka,Industrial,738.1,55.6,70.9,39.9,47.6,7,2,57,11,Full
Mymensingh,Mymensingh,Dhobaura,Border,329.1,36.0,55.4,29.6,59.3,3,1,27,5,Partial
Mymensingh,Mymensingh,Fulbaria,Rural,634.0,41.5,61.7,21.6,73.0,5,2,40,10,Limited
Mymensingh,Mymensingh,Gaffargaon,Rural,476.3,44.3,56.6,29.3,56.7,7,2,58,12,Limited
Mymensingh,Mymensingh,Gauripur,Rural,360.9,38.6,65.5,40.0,50.8,4,1,36,9,Limited
Mymensingh,Mymensingh,Haluaghat,Border,572.5,31.8,57.9,23.7,70.8,3,1,39,8,Partial
Mymensingh,Mymensingh,Ishwarganj,Rural,279.3,43.2,59.0,31.1,56.6,5,1,55,11,Limited
Mymensingh,Mymensingh,Muktagachha,Rural,399.0,36.7,55.6,18.7,49.3,3,2,42,10,Limited
Mymensingh,Mymensingh,Nandail,Rural,287.6,33.6,50.9,30.3,52.4,3,2,41,7,Limited
Mymensingh,Mymensingh,Phulpur,Rural,239.0,47.4,49.5,22.7,56.2,6,2,54,9,Limited
Mymensingh,Mymensingh,Trishal,Industrial,530.8,59.5,74.3,41.0,61.3,5,2,56,10,Full
Mymensingh,Mymensingh,Mymensingh Model,City,17.3,69.7,81.5,55.3,82.0,1,0,18,3,Full
Mymensingh,Mymensingh,Bhaluka Industrial,Industrial,58.9,44.0,70.8,50.4,66.3,2,0,29,6,Full
Mymensingh,Mymensingh,Haluaghat Border,Border,17.7,39.0,60.5,24.3,69.7,0,0,3,1,Partial
Mymensingh,Mymensingh,Trishal University,Rural,25.8,29.6,47.0,19.4,55.4,0,0,5,1,Limited
Mymensingh,Jamalpur,Jamalpur Sadar,City,398.5,68.1,79.2,63.6,76.6,9,3,74,14,Full
Mymensingh,Jamalpur,Baksiganj,Rural,347.2,23.9,49.9,26.1,55.4,3,1,29,5,Limited
Mymensingh,Jamalpur,Dewanganj,River,269.1,40.7,51.5,25.9,69.8,4,1,43,9,Limited
Mymensingh,Jamalpur,Islampur,River,330.3,21.8,42.3,31.0,53.3,5,1,43,9,Limited
Mymensingh,Jamalpur,Madarganj,River,258.8,31.1,54.7,29.2,65.4,4,1,43,6,Limited
Mymensingh,Jamalpur,Melandaha,River,394.2,41.6,63.3,26.0,56.7,3,1,37,6,Limited
Mymensingh,Jamalpur,Sarishabari,Rural,325.4,47.3,55.6,23.0,53.7,3,1,38,10,Limited
Mymensingh,Jamalpur,Jamalpur Model,City,19.3,74.4,78.4,56.2,74.4,0,0,13,2,Full
Mymensingh,Jamalpur,Dewanganj Ferry,River,10.9,25.0,53.9,42.4,76.7,0,0,3,1,Limited
Mymensingh,Netrokona,Netrokona Sadar,Sadar,110.7,68.5,65.3,45.1,75.1,4,2,61,9,Full
Mymensingh,Netrokona,Atpara,Rural,435.2,31.0,52.5,28.1,66.9,2,1,29,4,Limited
Mymensingh,Netrokona,Barhatta,Rural,385.7,30.8,54.3,33.9,50.8,3,0,29,6,Limited
Mymensingh,Netrokona,Durgapur,Border,538.1,59.9,52.3,25.3,62.9,1,0,24,4,Partial
Mymensingh,Netrokona,Kalmakanda,Border,287.0,38.7,59.4,42.1,67.8,2,1,33,5,Partial
Mymensingh,Netrokona,Kendua,Rural,522.1,32.1,56.6,26.3,47.1,6,1,48,9,Limited
Mymensingh,Netrokona,Khaliajuri,River,406.2,53.2,54.8,21.0,67.1,2,0,20,3,Limited
Mymensingh,Netrokona,Madan,River,389.7,52.1,56.7,18.1,54.8,2,1,27,6,Limited
Mymensingh,Netrokona,Mohanganj,River,290.5,38.1,54.3,18.0,57.2,2,1,31,5,Limited
Mymensingh,Netrokona,Purbadhala,Rural,729.9,36.7,51.3,40.0,54.6,3,1,33,8,Limited
Mymensingh,Netrokona,Netrokona Model,Sadar,20.0,51.4,69.9,33.0,58.1,1,0,10,2,Full
Mymensingh,Sherpur,Sherpur Sadar,City,310.0,68.1,74.4,55.4,70.2,5,2,64,12,Full
Mymensingh,Sherpur,Jhenaigati,Border,307.4,50.5,57.4,17.2,67.6,2,1,23,4,Partial
Mymensingh,Sherpur,Nakla,Rural,215.3,33.7,62.5,15.9,55.0,4,1,36,5,Limited
Mymensingh,Sherpur,Nalitabari,Border,629.7,42.2,57.2,35.6,68.1,2,1,30,8,Partial
Mymensingh,Sherpur,Sreebardi,Border,321.2,53.7,59.6,31.8,68.8,2,1,30,5,Partial
Mymensingh,Sherpur,Sherpur Model,City,13.8,69.3,78.4,64.9,78.3,1,0,8,1,Full
Mymensingh,Sherpur,Nalitabari Border,Border,24.9,43.2,58.4,43.5,66.1,0,0,3,1,Partial
Mymensingh,Sherpur,Sreebardi Border,Border,18.3,42.9,62.4,44.9,61.7,0,0,2,1,Partial
Mymensingh,Netrokona,Durgapur Border,Border,19.5,35.5,57.3,20.9,59.4,0,0,4,1,Partial
Mymensingh,Netrokona,Kalmakanda Border,Border,21.4,44.6,64.5,25.4,48.3,0,0,3,1,Partial
Mymensingh,Mymensingh,Dhobaura Border,Border,34.7,52.0,60.7,16.3,57.8,0,0,3,1,Partial
Mymensingh,Mymensingh,Gaffargaon Industrial,Industrial,14.0,51.5,65.2,43.2,61.5,1,0,9,1,Full
Mymensingh,Mymensingh,Mymensingh River,River,13.0,44.6,39.1,27.9,62.1,0,0,4,1,Limited
Mymensingh,Jamalpur,Islampur River,River,20.3,36.3,67.4,22.2,56.4,0,0,4,1,Limited
Mymensingh,Jamalpur,Sarishabari Handloom,Rural,29.5,35.5,65.1,24.8,54.3,0,0,6,1,Limited
Rajshahi,Rajshahi,Boalia,Metropolitan,12.2,77.7,81.5,61.9,76.7,7,2,59,12,Full
Rajshahi,Rajshahi,Rajpara,Metropolitan,25.4,79.1,87.3,69.5,82.9,5,2,55,12,Full
Rajshahi,Rajshahi,Motihar,Metropolitan,17.4,63.7,85.4,75.4,78.3,3,1,56,10,Full
Rajshahi,Rajshahi,Shah Makhdum,Metropolitan,20.6,66.4,83.7,64.3,95.1,3,1,38,9,Full
Rajshahi,Rajshahi,Rajshahi Cantonment,Metropolitan,15.5,78.1,85.6,46.5,69.6,2,1,23,4,Full
Rajshahi,Rajshahi,Rajshahi Industrial,Industrial,19.3,53.7,71.8,47.8,71.5,2,1,23,5,Full
Rajshahi,Rajshahi,Bagha,Rural,424.7,37.4,57.3,37.1,82.0,2,1,33,5,Limited
Rajshahi,Rajshahi,Bagmara,Rural,330.2,45.3,55.0,36.4,60.9,6,2,50,9,Limited
Rajshahi,Rajshahi,Charghat,Industrial,335.7,68.4,71.1,45.3,70.6,3,1,28,4,Full
Rajshahi,Rajshahi,Durgapur Raj,Rural,371.6,39.2,54.9,26.6,63.8,2,1,36,6,Limited
Rajshahi,Rajshahi,Godagari,Border,916.4,37.7,66.8,32.3,49.6,3,1,40,8,Partial
Rajshahi,Rajshahi,Mohanpur,Rural,322.0,44.2,45.1,34.2,44.8,3,0,27,4,Limited
Rajshahi,Rajshahi,Paba,Industrial,571.6,60.4,70.7,40.6,68.7,3,2,41,11,Full
Rajshahi,Rajshahi,Putia,Rural,239.3,33.0,58.4,25.8,62.4,2,1,32,6,Limited
Rajshahi,Rajshahi,Godagari Border,Border,26.1,42.5,63.5,41.7,66.9,0,0,4,1,Partial
Rajshahi,Rajshahi,Rajshahi EPZ,Industrial,7.2,42.6,72.2,36.6,72.6,0,0,8,1,Full
Rajshahi,Bogura,Bogura Sadar,City,333.5,61.2,71.0,54.5,94.0,10,4,103,21,Full
Rajshahi,Bogura,Adamdighi,Rural,355.8,43.1,46.5,41.2,53.2,2,1,28,4,Limited
Rajshahi,Bogura,Dhunat,River,473.7,48.8,47.8,15.5,53.8,3,1,37,9,Limited
Rajshahi,Bogura,Dupchanchia,Rural,131.5,48.4,53.8,17.9,74.2,2,0,25,5,Limited
Rajshahi,Bogura,Gabtali,Rural,492.7,33.6,60.9,33.2,57.4,4,1,42,10,Limited
Rajshahi,Bogura,Kahaloo,Rural,387.7,33.6,53.8,38.1,59.9,2,1,33,5,Limited
Rajshahi,Bogura,Nandigram,Rural,269.5,21.9,57.3,30.6,73.5,2,1,29,4,Limited
Rajshahi,Bogura,Sariakandi,River,266.9,41.7,45.6,25.1,61.9,3,1,38,6,Limited
Rajshahi,Bogura,Shajahanpur,Industrial,280.0,61.0,61.7,43.2,75.9,2,1,25,4,Full
Rajshahi,Bogura,Sherpur Bog,Rural,458.3,41.2,66.6,44.7,56.6,5,1,48,7,Limited
Rajshahi,Bogura,Shibganj Bog,Rural,433.1,32.8,60.9,11.3,66.7,5,1,50,12,Limited
Rajshahi,Bogura,Sonatola,Rural,182.9,33.4,39.9,27.9,54.2,3,1,23,6,Limited
Rajshahi,Bogura,Bogura Model,City,20.6,68.4,69.2,64.9,69.1,1,0,12,3,Full
Rajshahi,Bogura,Sariakandi River,River,18.0,37.2,65.8,12.4,53.1,0,0,4,1,Limited
Rajshahi,Chapainawabganj,Chapainawabganj Sadar,Border,253.1,40.4,63.3,28.6,63.3,8,3,71,18,Partial
Rajshahi,Chapainawabganj,Bholahat,Border,166.0,46.5,73.0,43.5,57.3,1,0,15,2,Partial
Rajshahi,Chapainawabganj,Gomastapur,Rural,820.8,45.9,43.9,20.9,68.6,3,2,51,11,Limited
Rajshahi,Chapainawabganj,Nachole,Border,556.0,49.3,58.9,33.5,64.5,3,1,30,5,Partial
Rajshahi,Chapainawabganj,Shibganj Chap,Border,759.9,51.5,47.4,33.9,62.2,4,2,50,8,Partial
Rajshahi,Chapainawabganj,Sonamasjid Land Port,Border,15.7,41.0,51.8,34.9,71.4,0,0,6,1,Partial
Rajshahi,Chapainawabganj,Chapai Model,Border,38.9,42.3,55.9,28.5,58.9,1,0,10,2,Partial
Rajshahi,Joypurhat,Joypurhat Sadar,City,281.0,76.7,84.0,42.8,77.7,3,1,42,7,Full
Rajshahi,Joypurhat,Akkelpur,Industrial,278.6,64.4,77.8,42.8,72.8,2,1,24,5,Full
Rajshahi,Joypurhat,Kalai,Rural,185.8,38.6,53.4,22.7,55.2,2,0,27,5,Limited
Rajshahi,Joypurhat,Khetlal,Rural,255.8,45.3,52.0,24.6,53.3,1,0,20,3,Limited
Rajshahi,Joypurhat,Panchbibi,Rural,330.6,40.7,59.7,32.6,49.8,2,0,28,5,Limited
Rajshahi,Joypurhat,Joypurhat Model,City,9.5,66.2,65.8,53.4,63.3,0,0,9,2,Full
Rajshahi,Joypurhat,Akkelpur Industrial,Industrial,14.1,69.6,63.1,49.0,73.5,0,0,6,1,Full
Rajshahi,Naogaon,Naogaon Sadar,City,328.1,60.3,75.2,59.4,70.5,5,3,66,12,Full
Rajshahi,Naogaon,Atrai,River,454.9,35.1,66.6,38.5,49.7,3,1,33,8,Limited
Rajshahi,Naogaon,Badalgachhi,Rural,203.5,30.1,53.9,29.7,57.4,3,1,33,4,Limited
Rajshahi,Naogaon,Dhamoirhat,Rural,363.9,37.1,59.0,14.9,72.1,3,1,27,5,Limited
Rajshahi,Naogaon,Manda,Rural,429.0,34.6,42.6,36.1,67.8,3,1,45,10,Limited
Rajshahi,Naogaon,Mahadebpur,Rural,635.7,37.0,64.1,26.4,65.8,4,1,39,9,Limited
Rajshahi,Naogaon,Niamatpur,Rural,735.6,38.7,53.4,22.5,54.7,4,1,36,7,Limited
Rajshahi,Naogaon,Patnitala,Rural,356.9,47.5,51.6,26.5,46.8,3,1,33,8,Limited
Rajshahi,Naogaon,Porsha,Border,331.7,45.7,63.9,17.3,60.5,2,1,28,4,Partial
Rajshahi,Naogaon,Raninagar,Rural,420.1,33.6,59.5,11.8,57.3,2,1,24,3,Limited
Rajshahi,Naogaon,Sapahar,Rural,615.4,43.2,55.9,23.0,48.0,3,1,31,4,Limited
Rajshahi,Naogaon,Naogaon Model,City,12.0,58.7,72.7,49.7,91.7,1,0,12,2,Full
Rajshahi,Naogaon,Atrai River,River,12.9,30.4,64.7,28.7,47.5,0,0,3,1,Limited
Rajshahi,Natore,Natore Sadar,City,253.2,80.6,71.9,56.9,69.5,6,2,58,11,Full
Rajshahi,Natore,Bagatipara,Rural,136.8,39.7,55.8,23.2,58.5,1,0,20,4,Limited
Rajshahi,Natore,Baraigram,Rural,567.6,44.3,46.0,27.2,50.7,4,1,46,10,Limited
Rajshahi,Natore,Gurudaspur,Industrial,300.2,71.8,61.7,39.4,80.5,3,1,31,5,Full
Rajshahi,Natore,Lalpur,Rural,333.9,45.0,52.6,10.8,43.4,2,1,36,6,Limited
Rajshahi,Natore,Singra,Rural,471.8,45.5,44.6,32.2,72.2,5,2,45,11,Limited
Rajshahi,Natore,Natore Model,City,19.2,70.3,70.1,37.7,76.1,0,0,9,2,Full
Rajshahi,Natore,Baraigram Sugar,Industrial,18.5,48.0,68.0,38.5,74.2,0,0,5,1,Full
Rajshahi,Pabna,Pabna Sadar,City,306.0,60.0,72.8,58.5,76.0,9,2,69,13,Full
Rajshahi,Pabna,Atgharia,Rural,141.2,37.8,57.2,15.7,67.6,1,1,21,3,Limited
Rajshahi,Pabna,Bera,River,331.9,38.7,38.4,13.3,66.7,4,1,37,9,Limited
Rajshahi,Pabna,Bhangura,Rural,128.2,35.2,56.4,32.1,59.9,2,1,25,4,Limited
Rajshahi,Pabna,Chatmohar,River,588.4,28.2,48.1,19.8,53.7,4,1,31,7,Limited
Rajshahi,Pabna,Faridpur Pab,Rural,290.8,43.2,48.6,23.2,45.9,2,0,26,6,Limited
Rajshahi,Pabna,Ishwardi,Industrial,238.5,54.9,76.6,32.2,68.7,6,1,47,13,Full
Rajshahi,Pabna,Santhia,River,374.7,45.8,51.0,35.3,74.8,3,1,37,7,Limited
Rajshahi,Pabna,Sujanagar,River,522.9,48.3,50.1,15.4,61.6,3,1,39,7,Limited
Rajshahi,Pabna,Ishwardi EPZ,Industrial,21.8,58.5,78.0,48.9,73.2,0,0,8,1,Full
Rajshahi,Pabna,Pabna Model,City,32.8,57.8,78.9,46.7,74.0,1,0,12,2,Full
Rajshahi,Sirajganj,Sirajganj Sadar,City,134.8,83.0,73.6,55.9,73.9,7,3,72,15,Full
Rajshahi,Sirajganj,Belkuchi,Industrial,256.4,63.6,69.8,58.9,56.2,3,1,42,9,Full
Rajshahi,Sirajganj,Chauhali,River,239.2,38.1,59.7,17.1,46.7,3,1,29,6,Limited
Rajshahi,Sirajganj,Kamarkhand,Industrial,119.5,61.5,73.0,30.3,66.4,2,1,35,7,Full
Rajshahi,Sirajganj,Kazipur,River,553.0,42.8,51.4,23.5,42.8,5,1,39,10,Limited
Rajshahi,Sirajganj,Raiganj,River,613.4,26.5,48.1,29.1,58.3,5,1,52,10,Limited
Rajshahi,Sirajganj,Shahjadpur,Industrial,481.5,61.0,66.1,52.2,55.4,7,3,75,18,Full
Rajshahi,Sirajganj,Tarash,Rural,520.5,35.0,70.2,22.9,47.7,2,1,33,6,Limited
Rajshahi,Sirajganj,Ullahpara,Industrial,471.2,63.5,66.9,66.8,59.6,6,2,53,9,Full
Rajshahi,Sirajganj,Sirajganj Ferry,River,20.4,42.8,54.7,21.1,65.5,0,0,4,1,Limited
Rajshahi,Sirajganj,Sirajganj Industrial,Industrial,30.7,63.3,66.1,51.8,69.2,0,0,12,2,Full
Rajshahi,Sirajganj,Shahjadpur Handloom,Industrial,26.3,71.8,78.0,40.7,67.5,0,0,7,2,Full
Rangpur,Rangpur,Rangpur Kotwali,City,124.1,68.5,59.7,62.9,67.4,11,4,94,18,Full
Rangpur,Rangpur,Rangpur Sadar,Sadar,238.2,57.3,66.0,38.9,52.6,6,2,54,14,Full
Rangpur,Rangpur,Rangpur Model,City,45.6,54.4,90.0,61.0,76.9,2,1,22,5,Full
Rangpur,Rangpur,Rangpur Industrial,Industrial,21.4,61.4,71.2,65.5,51.1,2,1,27,6,Full
Rangpur,Rangpur,Rangpur Cantonment,Metropolitan,28.8,80.1,92.7,55.3,90.0,1,0,12,2,Full
Rangpur,Rangpur,Badarganj,Rural,169.1,37.3,64.6,14.3,74.3,4,1,32,6,Limited
Rangpur,Rangpur,Gangachara,Rural,593.9,43.6,51.0,27.9,60.3,3,1,43,10,Limited
Rangpur,Rangpur,Kaunia,Rural,203.2,44.3,58.4,18.1,43.4,2,1,25,4,Limited
Rangpur,Rangpur,Mithapukur,Rural,384.7,59.2,56.9,24.7,45.2,5,2,65,14,Limited
Rangpur,Rangpur,Pirgachha,Rural,480.0,35.2,59.1,30.6,54.3,5,1,42,7,Limited
Rangpur,Rangpur,Pirganj Rng,Rural,481.1,31.8,67.1,50.0,52.2,6,1,60,13,Limited
Rangpur,Rangpur,Taraganj,Rural,408.9,34.9,54.6,38.9,73.7,3,1,33,7,Limited
Rangpur,Dinajpur,Dinajpur Sadar,City,427.1,75.8,80.3,62.9,61.8,9,4,93,17,Full
Rangpur,Dinajpur,Birampur,Rural,186.1,48.4,46.4,22.8,56.0,2,1,29,5,Limited
Rangpur,Dinajpur,Birganj,Rural,655.5,29.9,58.5,22.7,58.0,5,1,46,9,Limited
Rangpur,Dinajpur,Biral,Rural,404.0,40.7,60.4,23.3,46.0,3,1,39,7,Limited
Rangpur,Dinajpur,Bochaganj,Rural,249.4,37.6,47.0,14.4,63.6,3,1,28,5,Limited
Rangpur,Dinajpur,Chirirbandar,Rural,245.6,27.2,48.1,17.8,54.5,4,1,37,8,Limited
Rangpur,Dinajpur,Fulbari Din,Industrial,199.8,46.9,77.1,33.8,76.4,2,1,30,5,Full
Rangpur,Dinajpur,Ghoraghat,Rural,295.4,24.0,50.0,28.0,47.2,1,0,17,4,Limited
Rangpur,Dinajpur,Hakimpur,Rural,218.8,38.5,57.6,20.9,64.3,2,0,20,4,Limited
Rangpur,Dinajpur,Kaharole,Rural,404.3,33.2,59.5,20.5,57.3,2,1,29,5,Limited
Rangpur,Dinajpur,Khansama,Rural,257.4,51.3,51.7,17.8,54.7,3,1,26,6,Limited
Rangpur,Dinajpur,Nawabganj Din,Border,484.7,38.8,66.5,32.9,63.5,3,1,38,8,Partial
Rangpur,Dinajpur,Parbatipur,Industrial,476.8,66.4,70.0,58.4,52.5,4,2,43,7,Full
Rangpur,Dinajpur,Dinajpur Model,City,27.3,59.1,73.6,34.8,79.7,1,0,13,2,Full
Rangpur,Dinajpur,Fulbari Coal,Industrial,10.2,56.7,74.8,43.1,65.9,0,0,7,1,Full
Rangpur,Gaibandha,Gaibandha Sadar,City,276.6,59.3,70.2,48.3,75.8,4,2,56,10,Full
Rangpur,Gaibandha,Fulchhari,River,653.6,34.3,55.6,45.4,76.2,2,1,31,7,Limited
Rangpur,Gaibandha,Gobindaganj,Industrial,327.6,64.2,86.2,40.8,66.4,7,3,68,11,Full
Rangpur,Gaibandha,Palashbari,Rural,302.7,46.0,54.4,25.0,56.4,2,1,31,6,Limited
Rangpur,Gaibandha,Sadullapur,Rural,489.2,48.3,61.8,17.3,63.6,5,2,47,9,Limited
Rangpur,Gaibandha,Saghata,River,723.3,27.5,58.5,27.2,60.5,3,1,29,5,Limited
Rangpur,Gaibandha,Sundarganj,River,490.5,28.8,52.5,25.4,52.5,3,2,52,9,Limited
Rangpur,Gaibandha,Gaibandha Model,City,9.1,69.6,77.3,63.3,69.9,1,0,8,2,Full
Rangpur,Gaibandha,Fulchhari Ferry,River,19.5,44.6,68.1,19.0,50.6,0,0,3,1,Limited
Rangpur,Kurigram,Kurigram Sadar,City,273.9,64.6,71.0,54.6,52.3,8,3,78,17,Full
Rangpur,Kurigram,Bhurungamari,Border,370.9,48.4,63.1,23.9,66.6,4,1,41,7,Partial
Rangpur,Kurigram,Char Rajibpur,River,385.6,52.4,49.0,15.6,64.2,1,0,16,3,Limited
Rangpur,Kurigram,Chilmari,River,348.6,44.4,58.1,37.5,56.0,2,0,23,5,Limited
Rangpur,Kurigram,Nageshwari,Rural,1025.5,35.2,49.6,8.0,63.2,4,2,57,15,Limited
Rangpur,Kurigram,Phulbari Kur,Border,282.3,38.1,69.5,32.2,63.7,3,1,35,6,Partial
Rangpur,Kurigram,Rajarhat,Rural,210.5,59.3,55.1,12.3,74.1,4,1,39,6,Limited
Rangpur,Kurigram,Raumari,Border,309.9,31.5,55.2,27.1,56.6,4,1,36,6,Partial
Rangpur,Kurigram,Ulipur,River,1087.9,48.7,48.5,17.9,63.9,4,2,63,9,Limited
Rangpur,Kurigram,Kurigram Model,City,18.2,83.9,81.1,66.2,67.7,0,0,12,2,Full
Rangpur,Kurigram,Bhurungamari Border,Border,20.8,59.2,60.7,37.8,61.5,0,0,2,1,Partial
Rangpur,Lalmonirhat,Lalmonirhat Sadar,Border,132.6,38.8,59.8,18.9,67.5,6,1,59,8,Partial
Rangpur,Lalmonirhat,Aditmari,Rural,253.7,26.0,39.3,21.2,62.9,3,1,31,6,Limited
Rangpur,Lalmonirhat,Hatibandha,Border,427.7,41.4,60.0,35.8,47.6,5,2,50,9,Partial
Rangpur,Lalmonirhat,Kaliganj Lal,Rural,437.3,35.6,65.6,25.4,64.3,4,1,32,8,Limited
Rangpur,Lalmonirhat,Patgram,Border,700.5,48.5,55.3,38.2,69.4,5,1,48,10,Partial
Rangpur,Lalmonirhat,Lalmonirhat Model,Border,28.6,33.6,49.5,29.5,70.0,1,0,9,1,Partial
Rangpur,Lalmonirhat,Burimari Land Port,Border,12.9,49.0,56.4,26.3,49.4,0,0,3,1,Partial
Rangpur,Nilphamari,Nilphamari Sadar,City,304.5,65.7,72.7,50.5,59.6,4,2,65,11,Full
Rangpur,Nilphamari,Dimla,Border,465.5,46.0,53.2,28.8,63.8,4,1,39,9,Partial
Rangpur,Nilphamari,Domar,Rural,259.5,45.7,39.2,28.3,52.9,4,1,34,9,Limited
Rangpur,Nilphamari,Jaldhaka,Rural,275.4,42.0,53.7,30.1,55.7,3,1,38,6,Limited
Rangpur,Nilphamari,Kishoreganj Nil,Rural,527.1,34.7,66.6,26.6,42.9,3,1,26,7,Limited
Rangpur,Nilphamari,Saidpur,Industrial,188.5,63.9,72.8,47.5,74.4,7,1,62,9,Full
Rangpur,Nilphamari,Nilphamari Model,City,21.0,77.9,77.4,51.6,68.6,0,0,12,1,Full
Rangpur,Nilphamari,Saidpur Cantonment,Industrial,14.1,56.3,70.1,53.0,64.8,0,0,7,2,Full
Rangpur,Panchagarh,Panchagarh Sadar,Border,329.4,28.3,56.5,31.0,52.0,3,2,37,9,Partial
Rangpur,Panchagarh,Atwari,Border,545.3,45.1,57.9,37.8,60.1,2,0,26,6,Partial
Rangpur,Panchagarh,Boda,Rural,446.8,35.8,60.0,20.8,58.7,3,1,29,5,Limited
Rangpur,Panchagarh,Debiganj,Border,763.5,32.6,51.2,45.9,59.6,3,1,35,7,Partial
Rangpur,Panchagarh,Tetulia,Border,536.5,46.4,57.1,12.3,61.3,2,1,27,6,Partial
Rangpur,Panchagarh,Banglabandha Land Port,Border,18.2,41.5,65.8,29.3,49.4,0,0,3,1,Partial
Rangpur,Thakurgaon,Thakurgaon Sadar,City,329.9,78.0,80.4,50.9,68.2,7,2,66,14,Full
Rangpur,Thakurgaon,Baliadangi,Rural,221.6,43.4,54.8,18.8,68.3,2,1,40,6,Limited
Rangpur,Thakurgaon,Haripur,Rural,432.1,36.6,53.8,25.6,41.5,2,1,32,7,Limited
Rangpur,Thakurgaon,Pirganj Tha,Rural,648.2,37.6,44.9,21.0,50.9,4,1,46,6,Limited
Rangpur,Thakurgaon,Ranisankail,Rural,345.8,43.0,52.8,27.8,61.3,4,1,37,8,Limited
Rangpur,Thakurgaon,Thakurgaon Model,City,29.3,65.2,70.9,56.1,67.8,1,0,12,2,Full
Rangpur,Thakurgaon,Haripur Border,Border,23.3,42.8,61.2,34.1,60.8,0,0,3,1,Partial
Sylhet,Sylhet,Sylhet Kotwali,Metropolitan,19.4,71.3,78.8,57.9,83.2,9,4,116,20,Full
Sylhet,Sylhet,South Surma,Metropolitan,14.9,76.2,76.2,76.8,69.8,7,2,52,11,Full
Sylhet,Sylhet,Sylhet Sadar,Sadar,64.7,55.1,75.3,29.9,55.7,7,2,52,13,Full
Sylhet,Sylhet,Osmani Nagar,Industrial,40.6,62.0,77.9,51.5,55.0,4,1,50,9,Full
Sylhet,Sylhet,Sylhet Airport,Metropolitan,26.6,76.6,79.8,65.6,75.8,3,1,24,5,Full
Sylhet,Sylhet,Shah Paran,Metropolitan,28.8,81.3,72.2,78.0,83.7,3,1,31,8,Full
Sylhet,Sylhet,Jalalabad,Metropolitan,18.7,77.3,92.6,67.3,80.3,2,1,31,5,Full
Sylhet,Sylhet,Sylhet Industrial,Industrial,12.5,59.2,65.9,46.0,63.5,2,0,22,5,Full
Sylhet,Sylhet,Balaganj,Rural,443.0,45.0,55.4,11.2,65.1,5,1,40,10,Limited
Sylhet,Sylhet,Beani Bazar,Rural,335.4,38.5,51.3,18.8,59.7,3,1,40,9,Limited
Sylhet,Sylhet,Bishwanath,Industrial,219.0,61.2,66.3,63.7,77.5,4,1,41,7,Full
Sylhet,Sylhet,Companiganj Syl,Rural,446.6,33.5,64.3,31.2,47.0,2,1,28,6,Limited
Sylhet,Sylhet,Dakshin Surma,Industrial,218.2,65.0,72.2,41.3,72.7,4,1,44,7,Full
Sylhet,Sylhet,Fenchuganj,Industrial,205.8,56.1,62.2,30.2,67.0,2,0,22,4,Full
Sylhet,Sylhet,Golapganj,Rural,649.6,36.5,53.9,42.9,66.5,5,1,42,7,Limited
Sylhet,Sylhet,Gowainghat,Rural,859.5,39.2,54.0,23.4,60.4,2,1,25,5,Limited
Sylhet,Sylhet,Jaintiapur,Rural,934.2,49.7,57.7,24.4,46.3,2,1,24,5,Limited
Sylhet,Sylhet,Kanaighat,Border,321.2,46.2,62.6,20.7,56.1,4,1,34,6,Partial
Sylhet,Sylhet,Zakiganj,Border,191.3,50.0,50.4,15.9,62.8,3,1,31,8,Partial
Sylhet,Sylhet,Zakiganj Border,Border,19.8,39.4,62.7,32.4,71.5,0,0,4,1,Partial
Sylhet,Sylhet,Kanaighat Border,Border,29.1,41.7,57.4,25.0,54.5,0,0,3,1,Partial
Sylhet,Sylhet,Gowainghat Stone,Rural,18.4,22.6,63.8,20.4,53.0,0,0,5,1,Limited
Sylhet,Sylhet,Fenchuganj Gas,Industrial,15.2,45.1,69.8,46.2,71.9,0,0,3,1,Full
Sylhet,Habiganj,Habiganj Sadar,City,327.2,65.0,76.4,29.8,91.1,8,2,66,10,Full
Sylhet,Habiganj,Ajmiriganj,River,196.4,39.6,61.6,21.7,61.3,2,1,20,4,Limited
Sylhet,Habiganj,Bahubal,Rural,241.8,47.9,55.2,31.3,45.4,2,1,25,6,Limited
Sylhet,Habiganj,Baniachong,Rural,762.0,37.3,52.5,29.4,53.9,5,1,41,11,Limited
Sylhet,Habiganj,Chunarughat,Tea,689.4,32.6,64.3,12.8,72.0,4,1,36,9,Partial
Sylhet,Habiganj,Lakhai,Rural,308.0,41.9,61.8,26.8,64.5,1,0,21,3,Limited
Sylhet,Habiganj,Madhabpur,Tea,652.7,36.1,59.8,34.5,63.4,2,1,32,8,Partial
Sylhet,Habiganj,Nabiganj,Rural,968.2,42.9,58.3,32.7,59.3,3,1,43,7,Limited
Sylhet,Habiganj,Shaistaganj,Industrial,57.3,57.7,72.9,53.1,82.8,1,0,20,3,Full
Sylhet,Habiganj,Habiganj Model,City,32.2,61.8,89.8,62.4,80.3,1,0,12,2,Full
Sylhet,Habiganj,Chunarughat Tea,Tea,14.1,37.8,55.7,25.4,71.2,0,0,5,1,Partial
Sylhet,Habiganj,Ajmiriganj Ferry,River,16.3,51.6,62.3,14.2,65.2,0,0,3,1,Limited
Sylhet,Moulvibazar,Moulvibazar Sadar,City,422.3,51.8,67.8,47.1,68.8,4,2,56,8,Full
Sylhet,Moulvibazar,Barlekha,Tea,491.0,45.7,55.6,26.8,63.5,3,1,24,4,Partial
Sylhet,Moulvibazar,Juri,Tea,381.5,35.4,62.1,28.9,55.8,2,0,19,5,Partial
Sylhet,Moulvibazar,Kamalganj,Tea,699.0,38.3,56.3,34.5,63.8,3,1,24,4,Partial
Sylhet,Moulvibazar,Kulaura,Tea,406.6,34.0,55.6,31.2,56.1,2,1,43,8,Partial
Sylhet,Moulvibazar,Rajnagar,Tea,531.4,29.9,37.4,23.8,59.6,2,1,22,3,Partial
Sylhet,Moulvibazar,Sreemangal,Tea,614.4,34.5,53.9,40.5,66.8,3,1,31,7,Partial
Sylhet,Moulvibazar,Moulvibazar Model,City,13.1,74.7,73.9,61.1,69.0,1,0,12,2,Full
Sylhet,Moulvibazar,Sreemangal Tourism,Tourism,43.6,56.1,74.9,36.7,46.8,0,0,5,1,Partial
Sylhet,Moulvibazar,Kulaura Railway,Tea,7.7,41.2,61.1,24.2,53.1,0,0,3,1,Partial
Sylhet,Moulvibazar,Barlekha Tea,Tea,29.2,58.4,46.9,31.4,48.6,0,0,4,1,Partial
Sylhet,Moulvibazar,Kamalganj Tea,Tea,16.5,25.0,53.4,38.7,55.0,0,0,3,1,Partial
Sylhet,Sunamganj,Sunamganj Sadar,City,246.9,58.3,81.4,60.0,63.9,3,1,46,10,Full
Sylhet,Sunamganj,Bishwamvarpur,River,319.7,38.1,50.9,36.8,54.4,2,0,23,4,Limited
Sylhet,Sunamganj,Chhatak,Industrial,188.0,78.8,68.6,49.5,85.8,4,1,37,10,Full
Sylhet,Sunamganj,Derai,River,353.2,41.1,60.2,8.0,58.3,2,1,28,6,Limited
Sylhet,Sunamganj,Dharampasha,River,990.0,37.6,58.3,33.2,54.6,2,1,24,4,Limited
Sylhet,Sunamganj,Dowarabazar,Border,597.1,40.9,49.8,32.3,59.4,2,1,19,3,Partial
Sylhet,Sunamganj,Jagannathpur,Rural,533.2,41.5,55.8,18.3,55.0,4,1,37,6,Limited
Sylhet,Sunamganj,Jamalganj,River,592.6,45.9,53.7,23.9,76.7,2,0,17,4,Limited
Sylhet,Sunamganj,Sulla,River,833.8,42.0,58.7,28.7,52.0,2,0,18,3,Limited
Sylhet,Sunamganj,Tahirpur,River,551.1,34.3,59.7,10.6,60.2,2,1,27,5,Limited
Sylhet,Sunamganj,Sunamganj Model,City,28.7,67.5,74.4,50.7,78.9,0,0,11,2,Full
Sylhet,Sunamganj,Chhatak Cement,Industrial,16.1,65.4,74.0,39.6,71.8,0,0,5,1,Full
Sylhet,Sunamganj,Dowarabazar Border,Border,16.9,54.2,53.7,41.0,59.2,0,0,3,1,Partial
Sylhet,Sunamganj,Sulla Haor,River,27.3,34.5,44.1,8.1,50.5,0,0,4,1,Limited
Sylhet,Sunamganj,Dharampasha Haor,River,14.8,27.7,48.1,30.9,47.7,0,0,3,1,Limited
Barisal,Barguna,Bakkhali,Coastal,282.6,43.9,59.2,24.4,53.1,0,0,10,2,Partial
Barisal,Bhola,Bhola Industrial,Industrial,32.7,49.2,73.4,36.0,78.6,0,0,6,1,Full
Barisal,Patuakhali,Patuakhali River,River,135.5,41.7,53.5,18.3,53.8,0,0,6,1,Limited
Chittagong,Noakhali,Begumganj North,Rural,228.0,36.2,58.3,28.7,50.2,1,0,20,4,Limited
Dhaka,Dhaka,Demra South,Metropolitan,14.2,75.6,84.7,51.9,65.3,3,1,42,9,Full
Dhaka,Dhaka,Jatrabari South,Metropolitan,11.5,87.0,83.9,61.3,95.1,3,1,32,5,Full
Dhaka,Dhaka,Mugda,Metropolitan,9.7,69.5,87.3,64.8,84.2,2,1,34,7,Full
Dhaka,Dhaka,Rayer Bazar,Metropolitan,4.6,88.2,87.4,68.3,66.5,3,1,39,6,Full
Dhaka,Dhaka,Hazaribagh Model,Metropolitan,6.2,79.0,71.9,59.5,88.0,2,0,25,4,Full
Dhaka,Dhaka,Kotwali South,Metropolitan,3.5,88.2,76.1,49.3,71.4,2,1,28,5,Full
Dhaka,Dhaka,Pallabi South,Metropolitan,6.6,80.4,77.3,75.8,68.2,3,1,32,7,Full
Dhaka,Dhaka,Mirpur East,Metropolitan,15.0,81.7,82.3,61.5,90.3,2,1,35,9,Full
Dhaka,Dhaka,Uttara East,Metropolitan,12.2,90.9,90.5,66.4,82.2,2,1,35,6,Full
Dhaka,Dhaka,Dakshinkhan South,Metropolitan,5.7,88.8,72.6,65.5,77.6,2,1,24,5,Full
Dhaka,Gazipur,Gazipur North,Industrial,91.7,43.2,70.6,42.6,73.0,4,1,39,9,Full
Dhaka,Gazipur,Kaliakair North,Industrial,82.6,63.7,75.2,43.2,61.5,2,1,23,5,Full
Dhaka,Narayanganj,Rupganj North,Industrial,46.9,60.2,72.2,45.4,68.2,3,1,35,6,Full
Dhaka,Narayanganj,Sonargaon South,Industrial,107.3,70.4,69.7,46.0,77.4,2,0,23,5,Full
Dhaka,Narsingdi,Raipura South,River,171.0,32.1,53.8,21.1,63.5,1,0,18,4,Limited
Dhaka,Kishoreganj,Bajitpur South,River,103.7,38.8,51.2,28.9,67.5,2,0,14,3,Limited
Dhaka,Tangail,Ghatail North,Rural,82.3,37.8,55.3,21.9,75.8,1,0,18,3,Limited
Dhaka,Faridpur,Bhanga South,River,138.2,31.6,56.4,21.4,70.5,1,0,14,3,Limited
Dhaka,Manikganj,Singair South,Rural,52.7,36.2,52.3,32.9,71.6,1,0,13,2,Limited
Dhaka,Shariatpur,Jajira South,River,58.4,44.0,61.6,22.5,53.8,1,0,12,2,Limited
Mymensingh,Mymensingh,Mymensingh North,City,42.2,70.2,82.3,50.9,66.7,2,0,21,3,Full
Mymensingh,Mymensingh,Phulpur North,Rural,84.4,43.5,62.7,21.6,55.1,2,0,19,3,Limited
Mymensingh,Mymensingh,Gaffargaon South,Rural,87.7,41.4,64.7,16.2,56.0,2,1,23,3,Limited
Mymensingh,Mymensingh,Bhaluka South,Industrial,61.8,53.0,79.2,38.8,85.1,1,0,17,3,Full
Mymensingh,Jamalpur,Islampur South,River,78.1,29.7,57.2,34.6,58.4,1,0,16,3,Limited
Mymensingh,Jamalpur,Madarganj South,River,126.1,39.4,56.7,24.4,64.3,1,0,13,2,Limited
Mymensingh,Netrokona,Kendua South,Rural,92.4,36.2,47.4,42.5,41.4,1,0,18,3,Limited
Mymensingh,Netrokona,Mohanganj South,River,119.9,49.4,56.3,20.6,68.7,1,0,14,2,Limited
Mymensingh,Sherpur,Nakla South,Rural,130.5,27.7,68.8,38.9,52.7,1,0,15,2,Limited
Mymensingh,Sherpur,Sreebardi South,Border,99.4,56.5,61.2,21.7,60.2,1,0,11,1,Partial
Rangpur,Rangpur,Mithapukur South,Rural,188.8,29.6,60.3,31.0,68.6,2,0,22,3,Limited
Rangpur,Dinajpur,Birganj South,Rural,111.0,39.4,51.4,27.2,54.8,1,0,17,2,Limited
Rangpur,Gaibandha,Gobindaganj South,Industrial,75.8,57.0,66.7,34.0,72.2,1,0,19,4,Full
Sylhet,Sylhet,Sylhet South,Metropolitan,21.9,78.8,86.9,63.1,74.3,3,0,29,4,Full
Sylhet,Sylhet,Osmani Nagar South,Industrial,12.3,45.9,66.3,60.3,64.2,2,0,19,4,Full
Sylhet,Habiganj,Nabiganj South,Rural,137.3,38.8,59.0,27.6,64.4,1,0,15,3,Limited
Sylhet,Moulvibazar,Kulaura South,Tea,123.4,45.2,48.8,21.3,58.3,1,0,16,2,Partial
Sylhet,Sunamganj,Jagannathpur South,Rural,91.0,34.7,62.4,8.0,74.7,1,0,12,2,Limited
