Division,District,Thana / Police Station,Thana Type,Population,Density (/km²),Male Pop.,Female Pop.,Urban Pop. (%),Working Age Pop.,Literacy Rate (%),Avg. HH Size
Barisal,Barguna,Amtali,Coastal,109890,244,54696,55194,18,66130,59.1,4.86
Barisal,Barguna,Bamna,Rural,50176,233,24749,25427,12,30400,68.7,4.33
Barisal,Barguna,Barguna Sadar,Sadar,140399,493,69978,70421,45,85261,68.5,4.87
Barisal,Barguna,Betagi,Rural,82198,283,41896,40302,12,50455,58.8,4.62
Barisal,Barguna,Patharghata,Coastal,91979,232,46618,45361,18,55129,67.1,4.36
Barisal,Barguna,Taltali,Coastal,62596,156,31203,31393,18,40140,76.9,4.04
Barisal,Barguna,Naltona,Rural,43176,270,22084,21092,12,25689,64.9,4.18
Barisal,Barguna,Burirarchar,Coastal,43365,206,21513,21852,18,27858,58.7,3.88
Barisal,Barguna,Keorabunia,River,32807,273,16767,16040,14,19174,64.1,4.43
Barisal,Barisal,Kotwali Barisal,Metropolitan,235250,10693,121265,113985,90,142460,74.6,3.99
Barisal,Barisal,Barisal Sadar,Sadar,159240,4423,79087,80153,45,99603,77.5,3.94
Barisal,Barisal,Airport Barisal,Metropolitan,79849,4436,41100,38749,90,47954,71.0,3.72
Barisal,Barisal,Agailjhara,Rural,87811,556,43093,44718,12,55005,67.2,5.1
Barisal,Barisal,Babuganj,Rural,84457,528,43596,40861,12,50708,68.7,4.28
Barisal,Barisal,Bakerganj,Rural,174991,485,87964,87027,12,113678,65.8,3.77
Barisal,Barisal,Banari Para,Rural,112216,540,57185,55031,12,72126,64.1,4.33
Barisal,Barisal,Gaurnadi,Rural,114321,853,59073,55248,12,72052,63.7,4.49
Barisal,Barisal,Hizla,River,73479,437,36297,37182,14,42743,66.9,4.87
Barisal,Barisal,Mehendiganj,River,159132,390,79352,79780,14,101842,63.5,4.2
Barisal,Barisal,Muladi,Rural,89640,437,45868,43772,12,55368,61.8,4.47
Barisal,Barisal,Wazirpur,Rural,112361,562,55486,56875,12,72040,58.7,4.37
Barisal,Barisal,Char Monai,River,41715,439,20608,21107,14,26090,63.1,4.94
Barisal,Barisal,Nalchira,Rural,38517,438,19661,18856,12,25347,59.2,4.13
Barisal,Barisal,Duarghat,River,34643,462,17138,17505,14,21787,69.1,4.12
Barisal,Barisal,Tungibaria,Rural,35679,388,18075,17604,12,23410,62.6,3.75
Barisal,Barisal,Charbaria,Rural,45012,322,22171,22841,12,29192,60.9,4.22
Barisal,Barisal,South Barisal,Metropolitan,72315,2066,36257,36058,90,44580,74.1,4.62
Barisal,Barisal,Barisal Industrial,Industrial,49375,2244,25530,23845,55,31970,69.5,4.92
Barisal,Barisal,Raipura Char,River,28165,256,14543,13622,14,18275,55.1,4.66
Barisal,Bhola,Bhola Sadar,Sadar,206188,665,104351,101837,45,125483,70.5,3.82
Barisal,Bhola,Burhanuddin,Rural,129721,430,66136,63585,12,85121,68.8,4.9
Barisal,Bhola,Char Fasson,Coastal,261110,450,129874,131236,18,152900,61.0,4.03
Barisal,Bhola,Daulatkhan,River,94495,428,48579,45916,14,60188,63.5,3.93
Barisal,Bhola,Lalmohan,Rural,147905,370,75849,72056,12,93070,60.4,4.95
Barisal,Bhola,Manpura,Coastal,52502,141,25771,26731,18,32862,65.8,4.42
Barisal,Bhola,Tazumuddin,River,74015,341,37622,36393,14,47290,63.0,4.22
Barisal,Bhola,Ilisha,River,60337,377,29896,30441,14,38201,62.7,4.98
Barisal,Bhola,Veduria,Coastal,47706,265,24796,22910,18,28223,61.9,4.71
Barisal,Bhola,Char Khalifa,Coastal,52424,262,25730,26694,18,32145,63.6,5.04
Barisal,Bhola,Nothullabad,Rural,34928,291,18046,16882,12,20498,70.5,4.84
Barisal,Jhalokati,Jhalokati Sadar,Sadar,106978,594,54819,52159,45,68858,67.9,4.97
Barisal,Jhalokati,Kathalia,Rural,69835,316,36268,33567,12,45528,58.0,4.27
Barisal,Jhalokati,Nalchity,Rural,62178,324,31638,30540,12,40304,61.8,4.87
Barisal,Jhalokati,Rajapur,Rural,80082,374,39660,40422,12,49967,64.4,4.54
Barisal,Jhalokati,Gabkhan,River,42601,484,21253,21348,14,27615,70.1,4.98
Barisal,Jhalokati,Shashibhushan,Rural,45259,411,22510,22749,12,26353,60.3,3.94
Barisal,Jhalokati,Bisher,Rural,33601,354,16494,17107,12,22040,62.2,4.27
Barisal,Jhalokati,Nathullabad,River,31401,251,15955,15446,14,19054,63.7,4.47
Barisal,Patuakhali,Patuakhali Sadar,Sadar,163202,666,83319,79883,45,104774,73.4,4.91
Barisal,Patuakhali,Bauphal,Coastal,148505,259,77190,71315,18,91852,57.7,3.84
Barisal,Patuakhali,Dashmina,Coastal,80031,252,39623,40408,18,48250,67.4,3.78
Barisal,Patuakhali,Dumki,Rural,54722,476,28165,26557,12,34495,62.4,4.05
Barisal,Patuakhali,Galachipa,Coastal,163750,282,81544,82206,18,107272,59.5,4.89
Barisal,Patuakhali,Kalapara,Coastal,148507,256,74744,73763,18,95410,58.7,5.08
Barisal,Patuakhali,Mirzaganj,River,66891,313,34679,32212,14,40530,60.9,4.33
Barisal,Patuakhali,Rangabali,Coastal,50192,104,24871,25321,18,32275,66.3,4.06
Barisal,Patuakhali,Kuakata,Tourism,35804,298,17944,17860,35,22891,60.5,4.58
Barisal,Patuakhali,Lohalia,River,39863,266,20518,19345,14,25343,63.1,4.46
Barisal,Patuakhali,Madarbunia,Coastal,37670,209,18775,18895,18,22280,67.2,4.58
Barisal,Patuakhali,Char Kajal,Coastal,32311,154,15934,16377,18,19961,62.4,4.42
Barisal,Patuakhali,Baufal North,Rural,46662,333,23185,23477,12,27446,67.2,4.43
Barisal,Patuakhali,Kalaiya,River,31098,327,15979,15119,14,18169,67.5,4.57
Barisal,Pirojpur,Pirojpur Sadar,Sadar,143603,718,71952,71651,45,86637,65.4,3.89
Barisal,Pirojpur,Bhandaria,River,77395,363,39689,37706,14,45437,64.5,4.11
Barisal,Pirojpur,Kawkhali,River,65887,374,34098,31789,14,41245,61.6,3.92
Barisal,Pirojpur,Mathbaria,Coastal,134230,331,69693,64537,18,79418,58.7,4.55
Barisal,Pirojpur,Nazirpur,Rural,96509,345,48894,47615,12,61103,64.3,4.08
Barisal,Pirojpur,Nesarabad,Rural,95245,359,47600,47645,12,57460,68.0,4.4
Barisal,Pirojpur,Zianagar,Rural,63761,347,31742,32019,12,40859,60.9,4.18
Barisal,Pirojpur,Hularhat,River,42879,660,21125,21754,14,25699,58.7,4.76
Barisal,Pirojpur,Indurkani,Rural,40368,367,20701,19667,12,24206,63.8,4.82
Barisal,Pirojpur,Swarupkathi,River,35102,369,17601,17501,14,21528,68.3,4.98
Barisal,Pirojpur,Tutkhali,Rural,27790,232,13706,14084,12,16617,71.2,4.57
Barisal,Pirojpur,Shalikha Pir,Rural,37368,267,19013,18355,12,23721,64.7,3.91
Barisal,Pirojpur,Mathbaria North,Coastal,59126,320,29510,29616,18,36540,61.2,4.43
Chittagong,Chittagong,Kotwali Ctg,Metropolitan,306480,38310,154453,152027,90,189646,84.6,3.88
Chittagong,Chittagong,Double Mooring,Metropolitan,187186,18719,97304,89882,90,109266,73.9,4.55
Chittagong,Chittagong,Pahartali,Metropolitan,170893,7768,87372,83521,90,110893,77.9,3.88
Chittagong,Chittagong,Panchlaish,Metropolitan,161921,11566,83405,78516,90,101496,88.8,4.72
Chittagong,Chittagong,Chandgaon,Metropolitan,199841,11102,102885,96956,90,121657,76.3,4.18
Chittagong,Chittagong,Bayazid Bostami,Metropolitan,141008,5640,69739,71269,90,91278,81.7,4.41
Chittagong,Chittagong,Khulshi,Metropolitan,123389,6169,61094,62295,90,73729,83.9,4.18
Chittagong,Chittagong,Halishahar,Metropolitan,171070,10692,84362,86708,90,103983,78.8,3.56
Chittagong,Chittagong,Bandar,City,186641,8484,92666,93975,70,119157,77.0,4.63
Chittagong,Chittagong,Patenga,Industrial,116290,6461,57265,59025,55,73919,79.6,4.28
Chittagong,Chittagong,EPZ Ctg,Industrial,101422,8452,51572,49850,55,65590,77.5,4.13
Chittagong,Chittagong,Bakalia,Metropolitan,213614,17801,109193,104421,90,130322,79.3,4.23
Chittagong,Chittagong,Akbar Shah,Metropolitan,142355,9490,73782,68573,90,87268,75.4,4.54
Chittagong,Chittagong,Karnaphuli,Industrial,138358,3294,71800,66558,55,86331,69.1,4.71
Chittagong,Chittagong,Chattogram Port,Industrial,74490,9311,37348,37142,55,44364,74.9,4.39
Chittagong,Chittagong,South Khulshi,Metropolitan,116523,6474,59435,57088,90,74498,68.1,4.7
Chittagong,Chittagong,Anwara,Industrial,132204,546,66774,65430,55,86726,77.3,3.96
Chittagong,Chittagong,Banshkhali,Rural,208598,548,106605,101993,12,127977,65.1,4.0
Chittagong,Chittagong,Boalkhali,Industrial,136777,1021,70630,66147,55,83714,74.8,4.09
Chittagong,Chittagong,Chandanaish,Rural,113694,646,56469,57225,12,70595,67.9,4.83
Chittagong,Chittagong,Fatikchhari,Rural,220148,251,113502,106646,12,138871,65.0,4.61
Chittagong,Chittagong,Hathazari,Rural,215210,904,106466,108744,12,129043,66.2,4.43
Chittagong,Chittagong,Lohagara,Rural,136733,558,69673,67060,12,79355,70.6,5.12
Chittagong,Chittagong,Mirsharai,Industrial,238359,483,118094,120265,55,147594,71.4,3.84
Chittagong,Chittagong,Patiya,Industrial,236358,949,119784,116574,55,146789,75.4,4.0
Chittagong,Chittagong,Rangunia,Rural,159308,434,81106,78202,12,97233,72.6,4.08
Chittagong,Chittagong,Raozan,Industrial,167841,861,83687,84154,55,105673,67.2,4.02
Chittagong,Chittagong,Sandwip,Coastal,178981,235,88703,90278,18,109602,76.5,4.44
Chittagong,Chittagong,Satkania,Rural,193434,492,99440,93994,12,126518,69.6,4.67
Chittagong,Chittagong,Sitakunda,Industrial,202160,415,101596,100564,55,129526,75.4,4.31
Chittagong,Cox's Bazar,Cox's Bazar Sadar,Tourism,213788,1156,106223,107565,35,135063,76.8,3.93
Chittagong,Cox's Bazar,Chakaria,Rural,217994,300,113071,104923,12,127221,71.7,3.82
Chittagong,Cox's Bazar,Kutubdia,Coastal,76101,351,37554,38547,18,44286,71.8,3.83
Chittagong,Cox's Bazar,Maheshkhali,Coastal,158129,401,81562,76567,18,98099,72.7,5.02
Chittagong,Cox's Bazar,Pekua,Coastal,77082,332,38448,38634,18,46665,70.0,4.46
Chittagong,Cox's Bazar,Ramu,Tourism,117387,196,59333,58054,35,74982,73.0,4.08
Chittagong,Cox's Bazar,Teknaf,Border,133803,324,67356,66447,22,79417,74.8,4.55
Chittagong,Cox's Bazar,Ukhia,Border,132965,302,66871,66094,22,84521,73.2,4.32
Chittagong,Cox's Bazar,Hnila,Border,47538,307,23628,23910,22,30719,68.7,4.51
Chittagong,Comilla,Kotwali Comilla,City,237684,4322,120934,116750,70,150502,73.0,4.25
Chittagong,Comilla,Adarsha Sadar,Sadar,174518,1039,88835,85683,45,114352,70.8,3.83
Chittagong,Comilla,Barura,Rural,150268,603,73955,76313,12,92163,73.2,4.03
Chittagong,Comilla,Brahmanpara,Rural,108905,605,53414,55491,12,71851,72.4,3.98
Chittagong,Comilla,Burichang,Rural,124800,705,62304,62496,12,78107,64.4,4.46
Chittagong,Comilla,Chandina,Rural,168187,744,82749,85438,12,97834,67.2,4.32
Chittagong,Comilla,Chauddagram,Industrial,194604,640,95682,98922,55,123789,76.9,4.4
Chittagong,Comilla,Daudkandi,River,198933,583,100461,98472,14,118133,66.6,4.57
Chittagong,Comilla,Debidwar,Rural,185827,701,92284,93543,12,113351,71.5,4.9
Chittagong,Comilla,Homna,River,93804,558,47765,46039,14,61561,69.1,4.45
Chittagong,Comilla,Laksam,Industrial,113806,869,59162,54644,55,69558,69.1,4.55
Chittagong,Comilla,Lalmai,Rural,78197,823,40419,37778,12,46219,67.0,4.27
Chittagong,Comilla,Manoharganj,Rural,129512,611,63576,65936,12,75444,67.6,4.67
Chittagong,Comilla,Meghna,River,93577,673,47259,46318,14,56720,61.2,3.98
Chittagong,Comilla,Muradnagar,Industrial,209145,610,105537,103608,55,129514,76.8,4.2
Chittagong,Comilla,Nangalkot,Rural,153752,574,75592,78160,12,90594,70.9,4.46
Chittagong,Comilla,Titas,River,118621,549,58237,60384,14,72927,75.0,4.72
Chittagong,Brahmanbaria,Brahmanbaria Sadar,City,220080,1667,110425,109655,70,137107,74.5,3.93
Chittagong,Brahmanbaria,Akhaura,Border,98097,1011,49594,48503,22,57408,72.8,4.27
Chittagong,Brahmanbaria,Ashuganj,Industrial,106178,900,54530,51648,55,63853,77.0,4.08
Chittagong,Brahmanbaria,Bancharampur,Rural,143008,636,73034,69974,12,88029,72.8,4.88
Chittagong,Brahmanbaria,Bijoynagar,Rural,105883,595,54441,51442,12,63378,70.4,4.58
Chittagong,Brahmanbaria,Kasba,Border,162385,586,82471,79914,22,104581,64.5,4.89
Chittagong,Brahmanbaria,Nabinagar,Rural,186971,577,96597,90374,12,117414,61.9,4.17
Chittagong,Brahmanbaria,Nasirnagar,Rural,147043,451,76393,70650,12,88836,60.7,5.05
Chittagong,Brahmanbaria,Sarail,Rural,127937,719,64846,63091,12,84168,65.8,4.19
Chittagong,Brahmanbaria,Akhaura Land Port,Border,19783,1099,9993,9790,22,11599,70.7,4.73
Chittagong,Brahmanbaria,Ashuganj Ferry,River,32475,1299,16672,15803,14,21197,66.4,4.62
Chittagong,Chandpur,Chandpur Sadar,River,191998,1297,98582,93416,14,122746,69.2,4.47
Chittagong,Chandpur,Faridganj,River,160157,616,81503,78654,14,105578,68.7,3.8
Chittagong,Chandpur,Haimchar,River,71230,460,36767,34463,14,44945,68.0,4.34
Chittagong,Chandpur,Haziganj,Rural,125071,635,62299,62772,12,74717,72.9,4.06
Chittagong,Chandpur,Kachua,Rural,128617,464,64861,63756,12,79001,71.2,3.8
Chittagong,Chandpur,Matlab Dakshin,River,107073,498,55484,51589,14,63223,70.3,5.0
Chittagong,Chandpur,Matlab Uttar,River,118556,522,58832,59724,14,74098,72.2,3.94
Chittagong,Chandpur,Shahrasti,Rural,96381,574,49595,46786,12,61730,67.6,4.38
Chittagong,Chandpur,Hajiganj,River,72438,690,35495,36943,14,47601,63.2,4.36
Chittagong,Feni,Feni Sadar,City,206442,1564,105817,100625,70,123893,72.7,3.7
Chittagong,Feni,Chhagalnaiya,Rural,118278,603,61242,57036,12,75964,77.6,4.4
Chittagong,Feni,Daganbhuiyan,Rural,162830,433,84438,78392,12,107185,71.7,5.1
Chittagong,Feni,Fulgazi,Rural,77009,458,38127,38882,12,46772,71.5,4.52
Chittagong,Feni,Parshuram,Border,62074,597,31540,30534,22,38039,69.1,4.72
Chittagong,Feni,Sonagazi,Industrial,124941,481,63540,61401,55,81845,72.7,3.73
Chittagong,Feni,Muhuriganj,Rural,67158,525,33253,33905,12,44168,77.6,3.78
Chittagong,Feni,Feni North,Rural,50722,518,25112,25610,12,30087,63.2,4.29
Chittagong,Lakshmipur,Lakshmipur Sadar,Sadar,238463,1445,119333,119130,45,141262,72.4,4.95
Chittagong,Lakshmipur,Kamalnagar,Coastal,132402,634,66213,66189,18,84374,71.3,4.37
Chittagong,Lakshmipur,Ramganj,Rural,161807,760,79635,82172,12,99506,73.4,4.06
Chittagong,Lakshmipur,Ramgati,Coastal,132560,346,67123,65437,18,84137,73.0,4.21
Chittagong,Lakshmipur,Raipur,River,98969,943,48943,50026,14,58340,69.4,4.21
Chittagong,Lakshmipur,Char Ababil,Coastal,58284,353,28694,29590,18,35052,70.3,3.91
Chittagong,Lakshmipur,Meghna Ghat,River,24942,713,12510,12432,14,14512,65.2,3.82
Chittagong,Noakhali,Noakhali Sadar,Sadar,235644,1253,120703,114941,45,144475,70.5,3.96
Chittagong,Noakhali,Begumganj,Rural,257489,740,127616,129873,12,161907,70.1,3.84
Chittagong,Noakhali,Chatkhil,Rural,143079,799,70563,72516,12,85432,71.6,4.1
Chittagong,Noakhali,Companiganj,Coastal,160427,327,82010,78417,18,96114,73.0,4.63
Chittagong,Noakhali,Hatiya,Coastal,180140,113,89821,90319,18,109219,68.6,4.07
Chittagong,Noakhali,Kabirhat,Rural,134885,674,68025,66860,12,79480,69.8,3.96
Chittagong,Noakhali,Senbagh,Rural,136633,808,68165,68468,12,90088,69.5,4.2
Chittagong,Noakhali,Sonaimuri,Rural,154727,629,77315,77412,12,92646,70.0,3.8
Chittagong,Noakhali,Subarnachar,Coastal,119095,142,58386,60709,18,71262,70.8,4.75
Chittagong,Noakhali,Char Jublee,Coastal,65524,298,33407,32117,18,38791,69.7,4.36
Chittagong,Noakhali,Noakhali Model,Sadar,62004,1378,31975,30029,45,37369,73.4,3.98
Chittagong,Bandarban,Bandarban Sadar,Hill,60748,120,30288,30460,15,36002,70.5,3.84
Chittagong,Bandarban,Ali Kadam,Hill,30136,29,15352,14784,15,18425,75.3,3.88
Chittagong,Bandarban,Lama,Hill,68742,87,34858,33884,15,40923,67.8,4.15
Chittagong,Bandarban,Naikhongchhari,Hill,34653,32,17480,17173,15,22785,76.4,5.09
Chittagong,Bandarban,Ruma,Hill,24973,23,12877,12096,15,16013,74.3,4.92
Chittagong,Bandarban,Rowangchhari,Hill,30783,72,15590,15193,15,18376,70.6,4.87
Chittagong,Bandarban,Thanchi,Hill,18905,15,9301,9604,15,12017,69.6,3.73
Chittagong,Khagrachhari,Khagrachhari Sadar,Hill,90624,234,44719,45905,15,53370,70.0,5.11
Chittagong,Khagrachhari,Dighinala,Hill,47316,67,23430,23886,15,28446,69.6,4.23
Chittagong,Khagrachhari,Matiranga,Hill,52072,101,27053,25019,15,33585,69.9,5.1
Chittagong,Khagrachhari,Ramgarh,Border,41705,124,20594,21111,22,26461,74.2,4.13
Chittagong,Khagrachhari,Manikchhari,Hill,33062,83,16945,16117,15,20664,72.6,4.47
Chittagong,Khagrachhari,Panchhari,Hill,33364,48,16484,16880,15,20290,77.5,4.2
Chittagong,Khagrachhari,Lakshmichhari,Hill,23008,90,11935,11073,15,14157,68.1,4.56
Chittagong,Khagrachhari,Mahalchhari,Hill,28444,84,14589,13855,15,18752,68.7,4.98
Chittagong,Rangamati,Rangamati Sadar,Hill,66264,170,34013,32251,15,41775,66.3,5.12
Chittagong,Rangamati,Kaptai,Hill,34538,95,17285,17253,15,22510,68.8,4.59
Chittagong,Rangamati,Langadu,Hill,30027,37,15354,14673,15,18028,72.4,4.35
Chittagong,Rangamati,Bagaichhari,Hill,28080,34,14349,13731,15,17506,72.6,4.52
Chittagong,Rangamati,Barkal,Hill,22333,19,11557,10776,15,13784,66.2,4.65
Chittagong,Rangamati,Belaichhari,Hill,17126,26,8561,8565,15,10930,71.9,4.0
Chittagong,Rangamati,Rajasthali,Hill,15729,42,7714,8015,15,10017,75.5,5.07
Chittagong,Rangamati,Naniarchar,Hill,20513,41,10234,10279,15,12150,68.3,4.96
Chittagong,Rangamati,Juraichhari,Hill,16608,25,8181,8427,15,9807,68.6,3.88
Chittagong,Rangamati,Kawkhali Rmt,Hill,24586,72,12124,12462,15,15745,67.7,4.27
Dhaka,Dhaka,Motijheel,Metropolitan,280041,56008,137717,142324,90,169797,86.8,3.89
Dhaka,Dhaka,Kotwali Dhaka,Metropolitan,206541,51635,104248,102293,90,134396,86.0,4.01
Dhaka,Dhaka,Sutrapur,Metropolitan,193142,32190,95319,97823,90,112457,88.8,4.28
Dhaka,Dhaka,Wari,Metropolitan,190970,47742,96997,93973,90,118868,84.3,4.59
Dhaka,Dhaka,Lalbagh,Metropolitan,234195,46839,121136,113059,90,150302,86.7,4.48
Dhaka,Dhaka,Hazaribagh,Metropolitan,183672,30612,91770,91902,90,114981,80.8,3.6
Dhaka,Dhaka,Kamrangirchar,Metropolitan,217234,54308,109525,107709,90,133752,87.7,3.91
Dhaka,Dhaka,Demra,Metropolitan,304316,20288,156629,147687,90,190304,81.0,3.62
Dhaka,Dhaka,Jatrabari,Metropolitan,269064,22422,134903,134161,90,156809,79.6,4.32
Dhaka,Dhaka,Kadamtali,Metropolitan,210957,26370,108833,102124,90,128074,88.9,4.29
Dhaka,Dhaka,Shyampur,Metropolitan,218569,21857,108416,110153,90,137399,87.9,3.38
Dhaka,Dhaka,Dhanmondi,Metropolitan,182304,22788,91818,90486,90,111930,83.0,4.27
Dhaka,Dhaka,Adabor,Metropolitan,169785,21223,86995,82790,90,100979,93.1,4.1
Dhaka,Dhaka,Mohammadpur,Metropolitan,234706,23471,121755,112951,90,138128,84.8,4.2
Dhaka,Dhaka,Sher-e-Bangla Nagar,Metropolitan,167933,23990,86385,81548,90,101825,79.4,4.45
Dhaka,Dhaka,Tejgaon,Metropolitan,210651,26331,107932,102719,90,137518,91.4,3.57
Dhaka,Dhaka,Tejgaon Industrial,Industrial,147501,24584,72845,74656,55,94704,84.3,4.28
Dhaka,Dhaka,Kafrul,Metropolitan,199175,22131,101453,97722,90,117445,83.4,3.64
Dhaka,Dhaka,Pallabi,Metropolitan,205875,17156,106043,99832,90,134050,85.6,3.46
Dhaka,Dhaka,Mirpur,Metropolitan,277387,19813,135925,141462,90,177997,86.2,4.03
Dhaka,Dhaka,Shah Ali,Metropolitan,160230,20029,80251,79979,90,93713,84.6,4.56
Dhaka,Dhaka,Turag,Metropolitan,183197,11450,89907,93290,90,118637,87.1,3.57
Dhaka,Dhaka,Uttara,Metropolitan,271239,18083,138103,133136,90,176303,89.6,4.46
Dhaka,Dhaka,Uttara West,Metropolitan,170815,14235,84998,85817,90,109022,86.5,4.01
Dhaka,Dhaka,Airport,Metropolitan,149194,6782,75821,73373,90,98280,83.5,3.88
Dhaka,Dhaka,Dakshinkhan,Metropolitan,180649,12904,92953,87696,90,118424,86.1,4.16
Dhaka,Dhaka,Uttar Khan,Metropolitan,167423,12879,85463,81960,90,105485,81.1,4.3
Dhaka,Dhaka,Badda,Metropolitan,227718,22772,113543,114175,90,144360,84.7,4.64
Dhaka,Dhaka,Rampura,Metropolitan,184735,23092,90782,93953,90,116478,94.6,4.49
Dhaka,Dhaka,Khilgaon,Metropolitan,228001,25333,116976,111025,90,139919,88.6,3.47
Dhaka,Dhaka,Sabujbagh,Metropolitan,206119,25765,105319,100800,90,126631,81.3,4.17
Dhaka,Dhaka,Gulshan,Metropolitan,198900,18082,102513,96387,90,118572,84.5,4.36
Dhaka,Dhaka,Banani,Metropolitan,147239,24540,75577,71662,90,93246,88.0,3.98
Dhaka,Dhaka,Cantonment Dhaka,Metropolitan,154092,10273,79437,74655,90,99611,87.8,3.45
Dhaka,Dhaka,Khilkhet,Metropolitan,152557,16951,75883,76674,90,89594,89.9,3.51
Dhaka,Dhaka,Vatara,Metropolitan,167507,13959,85037,82470,90,109992,89.6,4.42
Dhaka,Dhaka,Bhatara,Metropolitan,162196,20274,83518,78678,90,97641,93.6,4.14
Dhaka,Dhaka,Agargaon,Metropolitan,142093,23682,70768,71325,90,83807,85.6,3.96
Dhaka,Dhaka,Chawkbazar,Metropolitan,185639,61880,95423,90216,90,117700,85.4,3.38
Dhaka,Dhaka,Newmarket,Metropolitan,171682,42920,89075,82607,90,113300,94.8,3.93
Dhaka,Dhaka,Ramna,Metropolitan,156668,31334,80477,76191,90,97022,94.5,4.49
Dhaka,Dhaka,Shahbag,Metropolitan,141776,35444,73606,68170,90,85652,89.6,4.72
Dhaka,Dhaka,Hatirjheel,Metropolitan,127389,21232,65369,62020,90,77543,86.1,3.76
Dhaka,Dhaka,Rupnagar,Metropolitan,139724,17466,72269,67455,90,89755,94.2,4.67
Dhaka,Dhaka,Matijhata,Metropolitan,170694,24385,85968,84726,90,106601,89.3,3.54
Dhaka,Dhaka,Keraniganj Model,Industrial,299303,6651,147953,151350,55,182284,93.0,3.83
Dhaka,Dhaka,Nawabganj Dhaka,Metropolitan,161471,13456,83008,78463,90,106057,85.3,4.61
Dhaka,Dhaka,Dhamrai,Rural,257392,735,127946,129446,12,161467,78.1,4.13
Dhaka,Dhaka,Dohar,River,130906,789,66921,63985,14,82263,77.3,5.01
Dhaka,Dhaka,Savar,Industrial,827712,2946,411815,415897,55,500124,77.3,4.04
Dhaka,Gazipur,Gazipur Sadar,Industrial,865721,4329,440599,425122,55,550238,83.7,4.37
Dhaka,Gazipur,Joydebpur,City,403654,4749,199008,204646,70,241579,86.9,3.85
Dhaka,Gazipur,Kaliakair,Industrial,415177,1266,210729,204448,55,247805,84.7,3.81
Dhaka,Gazipur,Kaliganj,Industrial,225398,1053,114741,110657,55,140103,87.2,4.57
Dhaka,Gazipur,Kapasia,Rural,164895,439,84326,80569,12,106755,75.6,3.96
Dhaka,Gazipur,Sreepur,Industrial,310286,680,160980,149306,55,185497,87.8,4.62
Dhaka,Gazipur,Tongi,Industrial,370291,6733,183738,186553,55,215090,86.2,4.19
Dhaka,Gazipur,Basan,Industrial,210704,5017,109453,101251,55,131955,86.9,4.12
Dhaka,Gazipur,Pubail,Industrial,152525,4358,78280,74245,55,93566,80.6,4.57
Dhaka,Gazipur,Gazipur Industrial North,Industrial,153441,5480,76304,77137,55,94687,76.3,4.43
Dhaka,Narayanganj,Narayanganj Sadar,Industrial,449474,14046,222474,227000,55,282460,84.9,3.57
Dhaka,Narayanganj,Fatullah,Industrial,324013,12961,167599,156414,55,210703,81.7,4.13
Dhaka,Narayanganj,Siddhirganj,Industrial,274470,9802,137257,137213,55,162134,89.8,4.38
Dhaka,Narayanganj,Bandar,Industrial,339899,12139,169181,170718,55,218105,83.6,3.68
Dhaka,Narayanganj,Araihazar,Industrial,239931,1297,118335,121596,55,146426,83.6,3.6
Dhaka,Narayanganj,Rupganj,Industrial,432824,2459,219301,213523,55,254149,81.5,3.74
Dhaka,Narayanganj,Sonargaon,Industrial,211694,1018,104529,107165,55,131934,81.7,4.43
Dhaka,Narayanganj,Adamjee,Industrial,104814,6988,54391,50423,55,65530,80.4,3.92
Dhaka,Narayanganj,Narayanganj Port,Industrial,63756,7970,32117,31639,55,40484,82.2,3.96
Dhaka,Narsingdi,Narsingdi Sadar,Industrial,351915,3060,174741,177174,55,228730,82.6,3.81
Dhaka,Narsingdi,Belabo,Rural,129059,792,66769,62290,12,76261,73.5,4.09
Dhaka,Narsingdi,Monohardi,Rural,129514,664,66533,62981,12,78108,75.1,4.99
Dhaka,Narsingdi,Palash,Industrial,165279,2146,85144,80135,55,103458,84.7,4.74
Dhaka,Narsingdi,Raipura,River,216069,569,109435,106634,14,136707,75.8,4.1
Dhaka,Narsingdi,Shibpur,Industrial,178646,726,91311,87335,55,106187,81.6,4.91
Dhaka,Narsingdi,Ghodashail,Industrial,99049,2830,48771,50278,55,63402,87.4,4.64
Dhaka,Narsingdi,Madhabdi,Industrial,94936,3391,47796,47140,55,60865,89.2,4.15
Dhaka,Kishoreganj,Kishoreganj Sadar,City,226417,1856,113830,112587,70,133596,89.4,4.45
Dhaka,Kishoreganj,Astagram,River,128287,341,63661,64626,14,76954,76.1,5.11
Dhaka,Kishoreganj,Bajitpur,River,156629,655,77400,79229,14,97704,80.4,3.82
Dhaka,Kishoreganj,Bhairab,Industrial,178661,1241,89909,88752,55,105482,83.4,4.84
Dhaka,Kishoreganj,Hossainpur,Rural,103164,692,53438,49726,12,61922,76.5,3.86
Dhaka,Kishoreganj,Itna,River,117481,346,58748,58733,14,75694,78.7,3.88
Dhaka,Kishoreganj,Karimganj,Rural,140653,452,72174,68479,12,82652,82.0,4.39
Dhaka,Kishoreganj,Katiadi,Rural,157053,586,77898,79155,12,100441,68.2,4.36
Dhaka,Kishoreganj,Kuliarchar,River,128933,605,63916,65017,14,78269,77.5,4.01
Dhaka,Kishoreganj,Mithamain,River,97095,357,48908,48187,14,60753,86.6,4.86
Dhaka,Kishoreganj,Nikli,River,67575,330,34826,32749,14,44444,74.0,3.9
Dhaka,Kishoreganj,Pakundia,Rural,160738,734,80438,80300,12,94100,78.3,4.51
Dhaka,Kishoreganj,Tarail,Rural,101198,565,52316,48882,12,64900,81.2,4.11
Dhaka,Kishoreganj,Bhairab Ferry,River,18797,1566,9767,9030,14,11155,85.8,4.08
Dhaka,Kishoreganj,Kuliarchar River,River,15683,871,7720,7963,14,10052,80.8,3.8
Dhaka,Tangail,Tangail Sadar,City,338874,2054,172874,166000,70,201674,86.3,3.81
Dhaka,Tangail,Basail,Rural,79505,541,40427,39078,12,50946,78.5,3.93
Dhaka,Tangail,Bhuapur,Rural,135755,580,67702,68053,12,81328,69.3,4.1
Dhaka,Tangail,Delduar,Rural,111310,543,56658,54652,12,67545,74.5,4.92
Dhaka,Tangail,Dhanbari,Rural,106585,536,53065,53520,12,62252,78.0,4.91
Dhaka,Tangail,Ghatail,Rural,187841,497,92724,95117,12,109907,74.2,4.86
Dhaka,Tangail,Gopalpur,Rural,104630,594,52667,51963,12,65942,80.4,5.1
Dhaka,Tangail,Kalihati,Industrial,147637,531,73798,73839,55,91405,84.7,3.91
Dhaka,Tangail,Madhupur,Rural,198606,404,99821,98785,12,128484,65.9,3.94
Dhaka,Tangail,Mirzapur,Industrial,171682,511,89239,82443,55,106932,88.6,4.34
Dhaka,Tangail,Nagarpur,Rural,132481,515,67598,64883,12,86384,86.1,4.63
Dhaka,Tangail,Sakhipur,Rural,136711,368,70943,65768,12,80056,78.1,4.08
Dhaka,Tangail,Madhupur Forest,Rural,32252,403,16291,15961,12,19428,80.8,4.82
Dhaka,Tangail,Tangail Model,City,66654,2666,33034,33620,70,42278,78.0,3.73
Dhaka,Manikganj,Manikganj Sadar,Sadar,140652,970,71585,69067,45,82159,86.7,4.09
Dhaka,Manikganj,Daulatpur,River,126648,482,65460,61188,14,73494,73.1,4.84
Dhaka,Manikganj,Ghior,Rural,98287,501,51005,47282,12,59091,83.3,5.0
Dhaka,Manikganj,Harirampur,River,99992,336,49310,50682,14,60368,73.1,4.27
Dhaka,Manikganj,Saturia,Rural,99443,540,51177,48266,12,62330,76.1,3.95
Dhaka,Manikganj,Shibalaya,River,83521,464,43388,40133,14,51324,71.0,4.0
Dhaka,Manikganj,Singair,Rural,140138,554,71763,68375,12,82106,73.4,4.86
Dhaka,Manikganj,Paturia Ghat,River,20300,1353,10466,9834,14,13048,81.4,4.35
Dhaka,Manikganj,Aricha Ghat,River,15386,1282,7666,7720,14,9480,76.8,3.9
Dhaka,Munshiganj,Munshiganj Sadar,Industrial,182095,2221,89422,92673,55,106081,75.2,4.87
Dhaka,Munshiganj,Gazaria,Industrial,117889,974,60161,57728,55,70462,82.7,3.79
Dhaka,Munshiganj,Louhajang,River,114472,690,57421,57051,14,71818,78.5,4.66
Dhaka,Munshiganj,Sirajdikhan,Industrial,131213,721,65221,65992,55,76678,79.4,4.59
Dhaka,Munshiganj,Sreenagar,Industrial,136809,800,67913,68896,55,80245,88.2,3.66
Dhaka,Munshiganj,Tongibari,River,156518,837,78119,78399,14,99913,76.9,4.14
Dhaka,Munshiganj,Mawa Ferry,River,12816,1282,6509,6307,14,8167,76.6,4.04
Dhaka,Munshiganj,Lauhajang Ferry,River,12024,1503,5952,6072,14,7907,77.9,3.93
Dhaka,Faridpur,Faridpur Sadar,Sadar,238217,1267,122582,115635,45,149691,77.9,4.16
Dhaka,Faridpur,Alfadanga,Rural,77310,422,39472,37838,12,48055,77.6,4.78
Dhaka,Faridpur,Bhanga,River,126302,509,63168,63134,14,82499,75.6,4.04
Dhaka,Faridpur,Boalmari,Rural,133662,541,66448,67214,12,83257,76.8,4.8
Dhaka,Faridpur,Char Bhadrasan,River,62189,389,31033,31156,14,38238,79.7,4.69
Dhaka,Faridpur,Madhukhali,Rural,86295,443,44635,41660,12,54788,81.3,5.04
Dhaka,Faridpur,Nagarkanda,Rural,87890,444,45099,42791,12,51067,79.9,4.6
Dhaka,Faridpur,Saltha,Rural,62292,415,31684,30608,12,39510,83.5,5.13
Dhaka,Faridpur,Sadarpur,River,101482,447,49995,51487,14,61923,78.0,5.04
Dhaka,Faridpur,Faridpur Model,Sadar,45411,2064,23521,21890,45,29090,74.8,3.84
Dhaka,Gopalganj,Gopalganj Sadar,Sadar,147247,669,76150,71097,45,95882,86.5,4.97
Dhaka,Gopalganj,Kashiani,Rural,136808,492,68726,68082,12,79544,74.6,4.45
Dhaka,Gopalganj,Kotalipara,Rural,122793,401,61409,61384,12,72428,79.1,3.93
Dhaka,Gopalganj,Muksudpur,Rural,128015,403,64548,63467,12,79811,82.5,4.23
Dhaka,Gopalganj,Tungipara,Rural,60358,534,30985,29373,12,37358,79.2,4.02
Dhaka,Gopalganj,Gopalganj Model,Sadar,43553,2420,22635,20918,45,27920,85.7,3.9
Dhaka,Gopalganj,Kotalipara Ferry,River,11293,1129,5753,5540,14,7004,83.1,4.71
Dhaka,Madaripur,Madaripur Sadar,Sadar,180362,1061,93429,86933,45,109214,80.3,4.26
Dhaka,Madaripur,Kalkini,River,136431,417,67497,68934,14,80559,70.4,5.13
Dhaka,Madaripur,Rajoir,River,97300,468,48092,49208,14,63926,76.2,4.19
Dhaka,Madaripur,Shibchar,River,143341,376,71920,71421,14,89618,79.4,4.09
Dhaka,Madaripur,Sibchar Ferry,River,13321,1110,6610,6711,14,8775,82.1,4.76
Dhaka,Madaripur,Muksudpur Ferry,River,11641,1164,5802,5839,14,7366,77.7,4.53
Dhaka,Rajbari,Rajbari Sadar,Sadar,155945,1155,79284,76661,45,90483,82.6,4.95
Dhaka,Rajbari,Baliakandi,Rural,93173,368,47305,45868,12,58606,79.9,4.5
Dhaka,Rajbari,Goalandaghat,River,91410,429,45257,46153,14,58069,71.0,4.59
Dhaka,Rajbari,Kalukhali,River,76344,570,39371,36973,14,47412,82.0,4.18
Dhaka,Rajbari,Pangsha,Rural,120967,482,61999,58968,12,73737,81.1,4.6
Dhaka,Rajbari,Goalanda Ghat,River,16569,1105,8271,8298,14,10604,78.6,4.23
Dhaka,Rajbari,Rajbari Model,Sadar,42773,2139,21012,21761,45,27537,81.9,4.1
Dhaka,Shariatpur,Shariatpur Sadar,Sadar,148347,1290,76294,72053,45,92058,75.6,4.14
Dhaka,Shariatpur,Bhedarganj,River,159830,529,81851,77979,14,96383,79.1,4.72
Dhaka,Shariatpur,Damudya,River,89849,671,45663,44186,14,55981,78.2,4.91
Dhaka,Shariatpur,Gosairhat,River,99051,413,49510,49541,14,63417,76.6,3.82
Dhaka,Shariatpur,Jajira,River,134977,558,69664,65313,14,82986,77.4,4.79
Dhaka,Shariatpur,Naria,River,122683,465,63351,59332,14,71231,80.1,4.0
Dhaka,Shariatpur,Shakhipur River,River,11847,987,6159,5688,14,7743,81.9,4.46
Dhaka,Shariatpur,Jajira Ferry,River,12053,1205,5965,6088,14,7363,78.6,4.46
Khulna,Khulna,Khulna Kotwali,Metropolitan,223254,18604,112458,110796,90,144979,71.7,3.74
Khulna,Khulna,Sonadanga,Metropolitan,172899,17290,88454,84445,90,100971,73.8,4.15
Khulna,Khulna,Khalishpur,Industrial,162818,11630,82711,80107,55,98599,64.8,3.85
Khulna,Khulna,Daulatpur,Industrial,176346,11022,89201,87145,55,115770,74.7,3.61
Khulna,Khulna,Khan Jahan Ali,Metropolitan,137995,17249,70625,67370,90,82583,77.9,3.45
Khulna,Khulna,Harintana,Metropolitan,132489,14721,66442,66047,90,83710,67.9,3.55
Khulna,Khulna,Arongghata,Metropolitan,123466,15433,60759,62707,90,76054,82.2,3.87
Khulna,Khulna,Khulna Industrial,Industrial,112949,7530,57627,55322,55,67897,65.9,4.56
Khulna,Khulna,Batiaghata,Rural,107536,288,54790,52746,12,65110,68.7,4.69
Khulna,Khulna,Dacope,Coastal,79646,55,39253,40393,18,46951,56.9,4.22
Khulna,Khulna,Dighalia,Rural,67938,527,33349,34589,12,40600,62.6,4.73
Khulna,Khulna,Dumuria,Rural,162202,274,82904,79298,12,95172,65.8,4.49
Khulna,Khulna,Koyra,Coastal,92059,54,46447,45612,18,59926,70.7,4.58
Khulna,Khulna,Paikgachha,Coastal,125318,249,63494,61824,18,75993,67.0,4.42
Khulna,Khulna,Phultala,Industrial,65572,898,34024,31548,55,43230,69.1,4.62
Khulna,Khulna,Rupsha,Industrial,129288,1144,67043,62245,55,80114,70.9,4.2
Khulna,Khulna,Mongla Port,Industrial,67598,241,34156,33442,55,44032,74.1,4.9
Khulna,Bagerhat,Bagerhat Sadar,Sadar,159025,663,81102,77923,45,94111,67.4,3.75
Khulna,Bagerhat,Chitalmari,Rural,67420,341,34826,32594,12,40871,69.0,5.0
Khulna,Bagerhat,Fakirhat,Rural,72894,374,37492,35402,12,44192,62.0,4.95
Khulna,Bagerhat,Kachua,Rural,101251,313,51741,49510,12,61329,72.4,4.65
Khulna,Bagerhat,Mollahat,Rural,84503,334,42759,41744,12,54874,61.3,4.99
Khulna,Bagerhat,Mongla,Industrial,66288,34,33275,33013,55,42165,75.7,3.59
Khulna,Bagerhat,Morrelganj,Coastal,114546,231,58803,55743,18,68597,69.4,4.33
Khulna,Bagerhat,Rampal,Rural,86217,254,42387,43830,12,52611,70.1,3.99
Khulna,Bagerhat,Sarankhola,Coastal,76916,203,38222,38694,18,47833,66.9,3.78
Khulna,Bagerhat,Mongla EPZ,Industrial,28985,1318,14957,14028,55,17982,77.9,4.43
Khulna,Bagerhat,Bagerhat Model,Sadar,37633,2091,18811,18822,45,21860,71.7,4.74
Khulna,Jessore,Jessore Kotwali,City,290111,3413,146924,143187,70,187019,70.0,3.84
Khulna,Jessore,Abhaynagar,Industrial,130327,481,64279,66048,55,77710,69.0,4.74
Khulna,Jessore,Bagherpara,Rural,116676,348,59174,57502,12,75278,71.7,5.12
Khulna,Jessore,Chaugachha,Rural,135892,462,68201,67691,12,79933,67.4,3.95
Khulna,Jessore,Jhikargachha,Border,157869,473,79832,78037,22,102481,64.6,5.03
Khulna,Jessore,Keshabpur,Rural,108390,394,56048,52342,12,67602,63.8,5.01
Khulna,Jessore,Manirampur,Rural,181238,471,92564,88674,12,116555,71.9,4.65
Khulna,Jessore,Sharsha,Border,174066,505,85585,88481,22,105408,66.8,4.3
Khulna,Jessore,Benapole Land Port,Border,37812,1512,19152,18660,22,23135,60.9,4.22
Khulna,Jessore,Jessore Cantonment,Metropolitan,38702,2150,19962,18740,90,24260,76.9,3.37
Khulna,Jhenaidah,Jhenaidah Sadar,City,226590,1462,112291,114299,70,144307,72.2,3.69
Khulna,Jhenaidah,Harinakunda,Rural,92923,316,46532,46391,12,57336,65.6,4.19
Khulna,Jhenaidah,Kaliganj,Rural,159000,433,78569,80431,12,95061,62.9,4.62
Khulna,Jhenaidah,Kotchandpur,Rural,77520,378,39640,37880,12,49057,67.2,4.2
Khulna,Jhenaidah,Maheshpur,Rural,149300,362,73695,75605,12,93646,66.5,5.07
Khulna,Jhenaidah,Shailkupa,Rural,156752,372,79206,77546,12,97451,66.6,4.16
Khulna,Jhenaidah,Halidhani,Rural,50134,436,25332,24802,12,31952,67.7,3.85
Khulna,Jhenaidah,Jhenaidah Model,City,44646,2232,22078,22568,70,28607,66.4,3.73
Khulna,Kushtia,Kushtia Sadar,City,255982,1765,126679,129303,70,161367,71.3,4.61
Khulna,Kushtia,Bheramara,Industrial,98594,609,51137,47457,55,59672,71.4,4.06
Khulna,Kushtia,Daulatpur Kus,Rural,140192,359,70572,69620,12,87558,67.5,4.17
Khulna,Kushtia,Khoksa,Industrial,85952,677,43385,42567,55,56199,71.4,4.35
Khulna,Kushtia,Kumarkhali,Industrial,163429,621,82526,80903,55,94951,68.9,4.11
Khulna,Kushtia,Mirpur Kus,Rural,117956,412,60287,57669,12,75484,67.8,4.31
Khulna,Kushtia,Hardinge Bridge,Industrial,20062,1672,10112,9950,55,13108,78.0,4.63
Khulna,Kushtia,Lalon Shah Border,Border,22020,1223,11075,10945,22,14457,64.5,4.06
Khulna,Chuadanga,Chuadanga Sadar,Border,155978,891,77290,78688,22,101873,70.1,4.86
Khulna,Chuadanga,Alamdanga,Rural,114152,328,57085,57067,12,73445,63.9,4.69
Khulna,Chuadanga,Damurhuda,Border,101356,345,49769,51587,22,65275,66.2,5.06
Khulna,Chuadanga,Jibannagar,Rural,79913,394,39385,40528,12,47431,59.7,4.0
Khulna,Chuadanga,Chuadanga Border,Border,20184,917,10412,9772,22,12576,70.3,4.07
Khulna,Chuadanga,Darshana ICT,Border,13688,913,6898,6790,22,8899,72.4,4.64
Khulna,Magura,Magura Sadar,Sadar,177675,815,92001,85674,45,111676,70.5,4.59
Khulna,Magura,Mohammadpur,Rural,108360,425,54273,54087,12,64029,67.0,3.81
Khulna,Magura,Shalikha,Rural,81098,422,40636,40462,12,51630,68.8,4.97
Khulna,Magura,Sreepur,Rural,80422,387,39734,40688,12,49327,62.3,4.21
Khulna,Magura,Magura Model,Sadar,36690,2038,18910,17780,45,21606,71.5,4.21
Khulna,Magura,Binarpota,Rural,51348,447,26147,25201,12,31124,63.9,4.3
Khulna,Meherpur,Meherpur Sadar,Border,117761,812,58583,59178,22,74032,63.4,4.38
Khulna,Meherpur,Gangni,Border,109894,376,54298,55596,22,64094,72.2,3.76
Khulna,Meherpur,Mujibnagar,Border,37535,431,19390,18145,22,22280,68.4,3.93
Khulna,Meherpur,Meherpur Border,Border,17497,972,8827,8670,22,11325,63.8,5.06
Khulna,Meherpur,Meherpur Model,Border,27525,1835,14022,13503,22,16533,74.1,4.6
Khulna,Narail,Narail Sadar,Sadar,139434,762,70585,68849,45,86084,68.7,4.58
Khulna,Narail,Kalia,Rural,135153,457,68210,66943,12,85900,68.4,3.87
Khulna,Narail,Lohagara,Rural,102425,388,51837,50588,12,63969,65.1,4.62
Khulna,Narail,Narail Model,Sadar,35542,1975,18204,17338,45,22242,71.4,4.75
Khulna,Narail,Narail River,River,23676,947,11992,11684,14,15477,68.1,5.09
Khulna,Satkhira,Satkhira Sadar,Border,224166,966,111552,112614,22,146242,73.0,4.15
Khulna,Satkhira,Assasuni,Coastal,114841,267,57479,57362,18,67052,69.8,4.68
Khulna,Satkhira,Debhata,Border,91098,319,46678,44420,22,55431,67.9,4.56
Khulna,Satkhira,Kalaroa,Rural,158744,445,79754,78990,12,100963,70.5,4.1
Khulna,Satkhira,Kaliganj Sat,Coastal,117341,273,60048,57293,18,77441,70.1,4.03
Khulna,Satkhira,Shyamnagar,Coastal,109952,62,55350,54602,18,65982,71.6,4.92
Khulna,Satkhira,Tala,Rural,118091,369,59327,58764,12,70112,62.0,4.25
Khulna,Satkhira,Bhomra Land Port,Border,19943,1108,9829,10114,22,12431,65.0,3.94
Khulna,Satkhira,Sundarban,Coastal,9291,265,4752,4539,18,5532,68.8,4.37
Mymensingh,Mymensingh,Mymensingh Kotwali,City,407652,3882,208815,198837,70,266865,64.1,4.49
Mymensingh,Mymensingh,Mymensingh Sadar,Sadar,211373,1458,106816,104557,45,124625,70.7,4.49
Mymensingh,Mymensingh,Bhaluka,Industrial,211902,604,105323,106579,55,135849,66.8,3.66
Mymensingh,Mymensingh,Dhobaura,Border,77673,345,38876,38797,22,50625,71.5,4.33
Mymensingh,Mymensingh,Fulbaria,Rural,173231,496,86173,87058,12,107375,57.9,4.82
Mymensingh,Mymensingh,Gaffargaon,Rural,210294,610,105788,104506,12,135469,61.3,4.19
Mymensingh,Mymensingh,Gauripur,Rural,143351,569,71080,72271,12,88367,60.4,4.83
Mymensingh,Mymensingh,Haluaghat,Border,136640,340,67242,69398,22,86293,63.7,4.92
Mymensingh,Mymensingh,Ishwarganj,Rural,189812,618,97844,91968,12,116757,64.5,3.8
Mymensingh,Mymensingh,Muktagachha,Rural,158328,561,81157,77171,12,98452,60.9,5.13
Mymensingh,Mymensingh,Nandail,Rural,160820,493,82503,78317,12,99485,61.4,4.66
Mymensingh,Mymensingh,Phulpur,Rural,208981,540,104630,104351,12,130271,57.4,4.52
Mymensingh,Mymensingh,Trishal,Industrial,208113,708,104768,103345,55,133605,66.3,4.1
Mymensingh,Mymensingh,Mymensingh Model,City,65687,3649,33095,32592,70,40572,74.5,4.19
Mymensingh,Mymensingh,Bhaluka Industrial,Industrial,95455,3409,49466,45989,55,56717,66.4,4.76
Mymensingh,Mymensingh,Haluaghat Border,Border,14007,934,7088,6919,22,9101,59.8,4.1
Mymensingh,Mymensingh,Trishal University,Rural,20573,1714,10227,10346,12,13330,58.1,4.77
Mymensingh,Jamalpur,Jamalpur Sadar,City,278145,1236,142399,135746,70,169671,72.2,4.78
Mymensingh,Jamalpur,Baksiganj,Rural,101742,527,50496,51246,12,66131,64.2,4.06
Mymensingh,Jamalpur,Dewanganj,River,151684,461,75655,76029,14,89680,65.7,4.51
Mymensingh,Jamalpur,Islampur,River,189251,581,93491,95760,14,123752,63.8,4.91
Mymensingh,Jamalpur,Madarganj,River,113646,503,59089,54557,14,69676,50.0,4.4
Mymensingh,Jamalpur,Melandaha,River,141010,526,69283,71727,14,83932,57.8,4.31
Mymensingh,Jamalpur,Sarishabari,Rural,160018,613,81803,78215,12,96893,64.2,4.28
Mymensingh,Jamalpur,Jamalpur Model,City,46825,3122,23832,22993,70,30832,68.9,4.13
Mymensingh,Jamalpur,Dewanganj Ferry,River,12236,1224,6304,5932,14,7791,62.6,4.99
Mymensingh,Netrokona,Netrokona Sadar,Sadar,158863,934,78438,80425,45,98488,61.4,3.83
Mymensingh,Netrokona,Atpara,Rural,100561,500,50617,49944,12,62422,57.3,3.85
Mymensingh,Netrokona,Barhatta,Rural,97147,386,49290,47857,12,63025,67.8,4.67
Mymensingh,Netrokona,Durgapur,Border,92334,266,46310,46024,22,57961,64.5,4.03
Mymensingh,Netrokona,Kalmakanda,Border,110928,264,56743,54185,22,71163,65.5,4.21
Mymensingh,Netrokona,Kendua,Rural,168743,408,87008,81735,12,107965,62.2,4.19
Mymensingh,Netrokona,Khaliajuri,River,80606,278,41157,39449,14,48467,60.1,4.21
Mymensingh,Netrokona,Madan,River,100551,339,51284,49267,14,65800,61.8,4.06
Mymensingh,Netrokona,Mohanganj,River,102857,369,50890,51967,14,65508,66.8,4.71
Mymensingh,Netrokona,Purbadhala,Rural,164842,472,81940,82902,12,101768,62.0,4.72
Mymensingh,Netrokona,Netrokona Model,Sadar,42148,2810,21748,20400,45,27603,67.1,4.75
Mymensingh,Sherpur,Sherpur Sadar,City,224514,1214,110426,114088,70,132604,68.9,4.75
Mymensingh,Sherpur,Jhenaigati,Border,78058,223,39889,38169,22,46735,60.1,4.27
Mymensingh,Sherpur,Nakla,Rural,125269,513,64349,60920,12,78753,62.7,4.44
Mymensingh,Sherpur,Nalitabari,Border,118007,262,58980,59027,22,75413,67.2,4.24
Mymensingh,Sherpur,Sreebardi,Border,103359,286,52276,51083,22,62751,63.4,4.69
Mymensingh,Sherpur,Sherpur Model,City,42524,2835,21108,21416,70,25892,66.9,4.78
Mymensingh,Sherpur,Nalitabari Border,Border,11154,620,5665,5489,22,7183,56.3,4.9
Mymensingh,Sherpur,Sreebardi Border,Border,9040,603,4470,4570,22,5810,62.0,4.5
Mymensingh,Netrokona,Durgapur Border,Border,14720,818,7614,7106,22,8565,61.2,4.19
Mymensingh,Netrokona,Kalmakanda Border,Border,13191,879,6775,6416,22,8327,64.0,3.69
Mymensingh,Mymensingh,Dhobaura Border,Border,12435,691,6162,6273,22,7301,64.3,4.06
Mymensingh,Mymensingh,Gaffargaon Industrial,Industrial,34172,1553,17577,16595,55,21769,55.2,4.44
Mymensingh,Mymensingh,Mymensingh River,River,15194,1519,7662,7532,14,8898,57.5,5.12
Mymensingh,Jamalpur,Islampur River,River,12775,1065,6566,6209,14,8332,66.6,4.37
Mymensingh,Jamalpur,Sarishabari Handloom,Rural,24105,1339,12414,11691,12,14753,63.6,4.23
Rajshahi,Rajshahi,Boalia,Metropolitan,227145,12619,117314,109831,90,148484,76.5,3.69
Rajshahi,Rajshahi,Rajpara,Metropolitan,214258,14284,110425,103833,90,126526,75.5,3.53
Rajshahi,Rajshahi,Motihar,Metropolitan,167246,9291,86573,80673,90,109604,76.3,3.99
Rajshahi,Rajshahi,Shah Makhdum,Metropolitan,161448,11532,79303,82145,90,102890,71.7,3.94
Rajshahi,Rajshahi,Rajshahi Cantonment,Metropolitan,93069,4230,47506,45563,90,60706,66.8,4.12
Rajshahi,Rajshahi,Rajshahi Industrial,Industrial,101485,6343,50746,50739,55,59219,69.1,3.93
Rajshahi,Rajshahi,Bagha,Rural,98973,378,50978,47995,12,62172,66.9,5.13
Rajshahi,Rajshahi,Bagmara,Rural,169467,396,84161,85306,12,107824,62.8,4.53
Rajshahi,Rajshahi,Charghat,Industrial,98461,505,50423,48038,55,60444,67.3,4.09
Rajshahi,Rajshahi,Durgapur Raj,Rural,114063,395,59039,55024,12,74949,62.2,4.78
Rajshahi,Rajshahi,Godagari,Border,158299,231,79354,78945,22,102623,65.2,3.95
Rajshahi,Rajshahi,Mohanpur,Rural,105140,559,53345,51795,12,64661,67.2,4.6
Rajshahi,Rajshahi,Paba,Industrial,165710,623,81789,83921,55,105629,70.8,4.05
Rajshahi,Rajshahi,Putia,Rural,108511,468,55768,52743,12,68276,72.2,4.14
Rajshahi,Rajshahi,Godagari Border,Border,13351,742,6831,6520,22,8421,67.8,4.75
Rajshahi,Rajshahi,Rajshahi EPZ,Industrial,25287,2107,13119,12168,55,15682,60.7,4.33
Rajshahi,Bogura,Bogura Sadar,City,364534,2352,181757,182777,70,220640,72.6,3.84
Rajshahi,Bogura,Adamdighi,Rural,106583,561,54104,52479,12,62016,69.7,4.06
Rajshahi,Bogura,Dhunat,River,147210,404,75357,71853,14,97069,59.1,4.56
Rajshahi,Bogura,Dupchanchia,Rural,85895,524,42720,43175,12,56483,67.1,4.16
Rajshahi,Bogura,Gabtali,Rural,146767,546,74767,72000,12,95938,58.4,4.71
Rajshahi,Bogura,Kahaloo,Rural,120630,551,60617,60013,12,76305,71.8,3.85
Rajshahi,Bogura,Nandigram,Rural,103273,564,52772,50501,12,61415,62.2,4.79
Rajshahi,Bogura,Sariakandi,River,120557,333,60882,59675,14,69975,65.4,3.93
Rajshahi,Bogura,Shajahanpur,Industrial,93109,551,46748,46361,55,56524,73.3,3.79
Rajshahi,Bogura,Sherpur Bog,Rural,150509,590,77996,72513,12,95745,57.7,4.3
Rajshahi,Bogura,Shibganj Bog,Rural,182783,527,90543,92240,12,117446,63.9,4.54
Rajshahi,Bogura,Sonatola,Rural,76147,409,38450,37697,12,48280,71.6,4.28
Rajshahi,Bogura,Bogura Model,City,52966,2943,26722,26244,70,32120,73.0,4.02
Rajshahi,Bogura,Sariakandi River,River,17296,1441,8873,8423,14,10713,63.5,4.03
Rajshahi,Chapainawabganj,Chapainawabganj Sadar,Border,251479,1118,129470,122009,22,164834,73.8,4.15
Rajshahi,Chapainawabganj,Bholahat,Border,58709,470,30199,28510,22,36228,63.7,4.33
Rajshahi,Chapainawabganj,Gomastapur,Rural,162278,371,80614,81664,12,103046,63.7,4.42
Rajshahi,Chapainawabganj,Nachole,Border,98254,381,50508,47746,22,62910,70.4,4.1
Rajshahi,Chapainawabganj,Shibganj Chap,Border,169734,303,88030,81704,22,109119,68.9,3.7
Rajshahi,Chapainawabganj,Sonamasjid Land Port,Border,19484,1299,9750,9734,22,11476,68.0,3.95
Rajshahi,Chapainawabganj,Chapai Model,Border,37385,2077,19325,18060,22,23980,64.3,3.88
Rajshahi,Joypurhat,Joypurhat Sadar,City,143475,763,73513,69962,70,94621,64.4,3.52
Rajshahi,Joypurhat,Akkelpur,Industrial,73532,474,37220,36312,55,43136,74.3,4.61
Rajshahi,Joypurhat,Kalai,Rural,96778,454,48437,48341,12,59812,70.0,5.05
Rajshahi,Joypurhat,Khetlal,Rural,68075,420,35369,32706,12,40181,67.1,5.01
Rajshahi,Joypurhat,Panchbibi,Rural,103095,414,50778,52317,12,62042,63.9,5.13
Rajshahi,Joypurhat,Joypurhat Model,City,35787,2386,18327,17460,70,22372,72.4,4.79
Rajshahi,Joypurhat,Akkelpur Industrial,Industrial,24755,2063,12358,12397,55,15426,68.8,3.63
Rajshahi,Naogaon,Naogaon Sadar,City,216177,974,109686,106491,70,131815,72.2,3.6
Rajshahi,Naogaon,Atrai,River,120557,346,62648,57909,14,72219,68.4,4.0
Rajshahi,Naogaon,Badalgachhi,Rural,105108,397,54132,50976,12,61561,73.2,3.86
Rajshahi,Naogaon,Dhamoirhat,Rural,103106,351,51211,51895,12,67878,69.2,4.12
Rajshahi,Naogaon,Manda,Rural,149901,479,75382,74519,12,93646,62.2,4.31
Rajshahi,Naogaon,Mahadebpur,Rural,157045,395,80982,76063,12,97424,62.8,4.22
Rajshahi,Naogaon,Niamatpur,Rural,113875,313,58828,55047,12,72051,58.9,4.18
Rajshahi,Naogaon,Patnitala,Rural,112836,364,56576,56260,12,68965,64.3,4.21
Rajshahi,Naogaon,Porsha,Border,96403,341,49726,46677,22,59619,62.1,4.83
Rajshahi,Naogaon,Raninagar,Rural,95005,444,47712,47293,12,62251,69.6,4.64
Rajshahi,Naogaon,Sapahar,Rural,101508,288,51892,49616,12,62261,70.4,4.56
Rajshahi,Naogaon,Naogaon Model,City,43795,2433,22483,21312,70,27707,66.5,4.47
Rajshahi,Naogaon,Atrai River,River,13360,1113,6622,6738,14,8019,63.7,4.39
Rajshahi,Natore,Natore Sadar,City,226305,1132,115853,110452,70,131472,72.6,4.38
Rajshahi,Natore,Bagatipara,Rural,80721,459,41060,39661,12,49081,56.4,3.83
Rajshahi,Natore,Baraigram,Rural,139737,382,69857,69880,12,82728,63.9,4.21
Rajshahi,Natore,Gurudaspur,Industrial,125396,498,65069,60327,55,78407,69.8,4.3
Rajshahi,Natore,Lalpur,Rural,136513,495,67062,69451,12,89083,66.0,3.95
Rajshahi,Natore,Singra,Rural,190907,497,96477,94430,12,118197,63.0,4.38
Rajshahi,Natore,Natore Model,City,41933,2796,20828,21105,70,24683,69.1,4.51
Rajshahi,Natore,Baraigram Sugar,Industrial,20119,1677,10224,9895,55,12604,75.0,4.67
Rajshahi,Pabna,Pabna Sadar,City,266105,1304,133445,132660,70,166102,77.9,4.66
Rajshahi,Pabna,Atgharia,Rural,92127,490,45699,46428,12,58754,68.7,4.52
Rajshahi,Pabna,Bera,River,164351,459,84817,79534,14,100547,72.8,5.07
Rajshahi,Pabna,Bhangura,Rural,80082,428,40929,39153,12,49621,65.1,4.45
Rajshahi,Pabna,Chatmohar,River,135599,457,66543,69056,14,88254,61.7,4.05
Rajshahi,Pabna,Faridpur Pab,Rural,98160,412,50654,47506,12,62486,67.3,4.95
Rajshahi,Pabna,Ishwardi,Industrial,185427,700,95781,89646,55,115310,69.5,3.84
Rajshahi,Pabna,Santhia,River,147654,457,74431,73223,14,95375,64.7,4.27
Rajshahi,Pabna,Sujanagar,River,134074,504,68460,65614,14,81415,66.1,3.8
Rajshahi,Pabna,Ishwardi EPZ,Industrial,29790,1986,15002,14788,55,18851,75.6,4.38
Rajshahi,Pabna,Pabna Model,City,38579,2572,19211,19368,70,25127,80.0,3.53
Rajshahi,Sirajganj,Sirajganj Sadar,City,309600,1843,153039,156561,70,185836,76.8,3.49
Rajshahi,Sirajganj,Belkuchi,Industrial,145855,1006,74033,71822,55,93951,63.4,3.53
Rajshahi,Sirajganj,Chauhali,River,108324,455,53796,54528,14,68522,61.4,5.09
Rajshahi,Sirajganj,Kamarkhand,Industrial,114340,701,57072,57268,55,69385,77.1,4.1
Rajshahi,Sirajganj,Kazipur,River,156647,451,77052,79595,14,101876,65.4,4.38
Rajshahi,Sirajganj,Raiganj,River,172666,495,84878,87788,14,112208,60.0,4.81
Rajshahi,Sirajganj,Shahjadpur,Industrial,253254,588,128457,124797,55,163202,68.6,3.56
Rajshahi,Sirajganj,Tarash,Rural,104617,385,53643,50974,12,60848,76.3,3.75
Rajshahi,Sirajganj,Ullahpara,Industrial,186666,533,96698,89968,55,115297,67.9,4.18
Rajshahi,Sirajganj,Sirajganj Ferry,River,14871,1487,7633,7238,14,8643,63.6,4.19
Rajshahi,Sirajganj,Sirajganj Industrial,Industrial,38250,2125,19764,18486,55,22341,69.8,4.52
Rajshahi,Sirajganj,Shahjadpur Handloom,Industrial,32025,2135,15883,16142,55,20868,74.0,3.53
Rangpur,Rangpur,Rangpur Kotwali,City,329540,2942,161507,168033,70,211562,63.3,3.76
Rangpur,Rangpur,Rangpur Sadar,Sadar,216321,1881,111253,105068,45,125813,68.2,3.9
Rangpur,Rangpur,Rangpur Model,City,103472,4139,52178,51294,70,65254,69.5,3.68
Rangpur,Rangpur,Rangpur Industrial,Industrial,81810,3719,41605,40205,55,53687,58.6,4.92
Rangpur,Rangpur,Rangpur Cantonment,Metropolitan,44524,2474,22143,22381,90,27518,72.5,4.04
Rangpur,Rangpur,Badarganj,Rural,114374,443,58645,55729,12,68874,56.9,4.3
Rangpur,Rangpur,Gangachara,Rural,136306,353,67392,68914,12,84185,57.1,4.82
Rangpur,Rangpur,Kaunia,Rural,97821,477,48387,49434,12,62367,54.9,5.0
Rangpur,Rangpur,Mithapukur,Rural,242495,539,125387,117108,12,143374,59.3,4.79
Rangpur,Rangpur,Pirgachha,Rural,135095,464,68881,66214,12,88532,53.7,4.74
Rangpur,Rangpur,Pirganj Rng,Rural,218631,487,109362,109269,12,133274,60.1,3.83
Rangpur,Rangpur,Taraganj,Rural,92121,468,46691,45430,12,57840,58.2,4.94
Rangpur,Dinajpur,Dinajpur Sadar,City,351217,1697,175238,175979,70,226129,66.7,4.15
Rangpur,Dinajpur,Birampur,Rural,104204,383,52341,51863,12,65565,50.8,4.07
Rangpur,Dinajpur,Birganj,Rural,142170,392,72668,69502,12,85040,60.1,5.13
Rangpur,Dinajpur,Biral,Rural,132854,468,67238,65616,12,84775,62.5,4.66
Rangpur,Dinajpur,Bochaganj,Rural,116290,444,59074,57216,12,74362,58.4,4.48
Rangpur,Dinajpur,Chirirbandar,Rural,127092,452,65483,61609,12,75492,64.0,5.02
Rangpur,Dinajpur,Fulbari Din,Industrial,101500,457,50330,51170,55,65966,59.9,3.77
Rangpur,Dinajpur,Ghoraghat,Rural,69485,332,35029,34456,12,45310,65.5,4.11
Rangpur,Dinajpur,Hakimpur,Rural,65690,509,33385,32305,12,42228,56.5,5.04
Rangpur,Dinajpur,Kaharole,Rural,99313,417,50025,49288,12,60882,60.8,4.87
Rangpur,Dinajpur,Khansama,Rural,86652,438,43829,42823,12,54873,63.8,5.03
Rangpur,Dinajpur,Nawabganj Din,Border,128116,380,63377,64739,22,75625,61.8,4.7
Rangpur,Dinajpur,Parbatipur,Industrial,144047,414,73640,70407,55,87524,69.2,3.85
Rangpur,Dinajpur,Dinajpur Model,City,44198,2455,22784,21414,70,28886,59.4,3.81
Rangpur,Dinajpur,Fulbari Coal,Industrial,21648,1443,11197,10451,55,13891,59.6,4.08
Rangpur,Gaibandha,Gaibandha Sadar,City,215132,1109,109468,105664,70,136512,69.0,4.36
Rangpur,Gaibandha,Fulchhari,River,114247,353,57551,56696,14,67622,57.0,4.85
Rangpur,Gaibandha,Gobindaganj,Industrial,256006,520,133100,122906,55,166171,57.1,3.7
Rangpur,Gaibandha,Palashbari,Rural,136338,573,69088,67250,12,86954,55.0,4.04
Rangpur,Gaibandha,Sadullapur,Rural,149661,481,74039,75622,12,95191,58.9,3.74
Rangpur,Gaibandha,Saghata,River,133524,363,66870,66654,14,79543,57.8,4.3
Rangpur,Gaibandha,Sundarganj,River,182206,371,94552,87654,14,119486,59.0,3.92
Rangpur,Gaibandha,Gaibandha Model,City,37014,2468,18959,18055,70,23173,63.7,3.87
Rangpur,Gaibandha,Fulchhari Ferry,River,11329,1133,5683,5646,14,7264,63.0,4.52
Rangpur,Kurigram,Kurigram Sadar,City,203898,1214,105662,98236,70,133723,67.1,4.12
Rangpur,Kurigram,Bhurungamari,Border,153368,396,79493,73875,22,94962,58.3,4.7
Rangpur,Kurigram,Char Rajibpur,River,62701,293,31280,31421,14,40244,52.9,3.95
Rangpur,Kurigram,Chilmari,River,84953,351,43903,41050,14,51382,57.8,3.74
Rangpur,Kurigram,Nageshwari,Rural,221540,465,113657,107883,12,140966,62.1,4.68
Rangpur,Kurigram,Phulbari Kur,Border,118572,498,61183,57389,22,73014,54.5,3.97
Rangpur,Kurigram,Rajarhat,Rural,132846,474,66058,66788,12,86106,64.4,4.49
Rangpur,Kurigram,Raumari,Border,118157,338,59893,58264,22,74345,55.3,3.92
Rangpur,Kurigram,Ulipur,River,205841,396,104489,101352,14,126098,58.0,4.48
Rangpur,Kurigram,Kurigram Model,City,36698,2447,18873,17825,70,22390,65.1,4.63
Rangpur,Kurigram,Bhurungamari Border,Border,11098,740,5572,5526,22,6985,61.4,4.06
Rangpur,Lalmonirhat,Lalmonirhat Sadar,Border,166931,1063,86209,80722,22,107195,60.2,4.18
Rangpur,Lalmonirhat,Aditmari,Rural,105740,531,53416,52324,12,67437,49.7,3.76
Rangpur,Lalmonirhat,Hatibandha,Border,156546,445,77141,79405,22,94568,57.0,4.91
Rangpur,Lalmonirhat,Kaliganj Lal,Rural,130547,502,65238,65309,12,76198,56.8,4.26
Rangpur,Lalmonirhat,Patgram,Border,184653,359,94345,90308,22,111450,65.2,4.11
Rangpur,Lalmonirhat,Lalmonirhat Model,Border,33535,2236,17031,16504,22,21232,61.6,4.13
Rangpur,Lalmonirhat,Burimari Land Port,Border,14958,1246,7692,7266,22,9790,61.5,4.14
Rangpur,Nilphamari,Nilphamari Sadar,City,208429,1074,104857,103572,70,127644,68.1,4.34
Rangpur,Nilphamari,Dimla,Border,139104,425,68753,70351,22,84908,54.7,4.77
Rangpur,Nilphamari,Domar,Rural,117384,459,58749,58635,12,69314,59.6,4.4
Rangpur,Nilphamari,Jaldhaka,Rural,131160,470,64983,66177,12,85092,54.1,4.0
Rangpur,Nilphamari,Kishoreganj Nil,Rural,116169,480,60398,55771,12,72045,58.3,4.4
Rangpur,Nilphamari,Saidpur,Industrial,203992,1534,105756,98236,55,119066,62.8,3.59
Rangpur,Nilphamari,Nilphamari Model,City,42138,2809,20741,21397,70,24504,71.3,4.05
Rangpur,Nilphamari,Saidpur Cantonment,Industrial,29132,1942,14982,14150,55,19090,61.4,4.38
Rangpur,Panchagarh,Panchagarh Sadar,Border,149945,701,76352,73593,22,94374,60.4,4.83
Rangpur,Panchagarh,Atwari,Border,82335,308,41203,41132,22,53957,59.8,4.67
Rangpur,Panchagarh,Boda,Rural,126808,342,62696,64112,12,74990,54.1,4.3
Rangpur,Panchagarh,Debiganj,Border,127561,322,65917,61644,22,75718,53.8,4.84
Rangpur,Panchagarh,Tetulia,Border,84683,257,43471,41212,22,51928,56.4,4.78
Rangpur,Panchagarh,Banglabandha Land Port,Border,12105,1009,6143,5962,22,7637,60.8,3.84
Rangpur,Thakurgaon,Thakurgaon Sadar,City,236570,1051,116209,120361,70,142518,66.3,3.49
Rangpur,Thakurgaon,Baliadangi,Rural,125630,373,64511,61119,12,74251,55.7,4.45
Rangpur,Thakurgaon,Haripur,Rural,107404,389,55077,52327,12,66564,53.6,4.04
Rangpur,Thakurgaon,Pirganj Tha,Rural,155662,362,79962,75700,12,90461,56.6,4.61
Rangpur,Thakurgaon,Ranisankail,Rural,135169,347,67583,67586,12,78959,63.8,4.58
Rangpur,Thakurgaon,Thakurgaon Model,City,36584,2439,18375,18209,70,23388,62.2,4.74
Rangpur,Thakurgaon,Haripur Border,Border,11949,797,6039,5910,22,7878,62.2,4.4
Sylhet,Sylhet,Sylhet Kotwali,Metropolitan,462606,21028,230464,232142,90,288064,66.7,3.83
Sylhet,Sylhet,South Surma,Metropolitan,195006,10834,98524,96482,90,124706,64.1,4.71
Sylhet,Sylhet,Sylhet Sadar,Sadar,245769,5462,124412,121357,45,152256,62.3,4.84
Sylhet,Sylhet,Osmani Nagar,Industrial,154604,4417,77986,76618,55,91497,60.1,4.14
Sylhet,Sylhet,Sylhet Airport,Metropolitan,86312,4316,43996,42316,90,51680,66.4,4.06
Sylhet,Sylhet,Shah Paran,Metropolitan,125801,8387,63140,62661,90,76992,66.2,3.56
Sylhet,Sylhet,Jalalabad,Metropolitan,137041,7613,69955,67086,90,82147,59.5,4.1
Sylhet,Sylhet,Sylhet Industrial,Industrial,86557,7213,43551,43006,55,55184,55.5,4.36
Sylhet,Sylhet,Balaganj,Rural,143143,500,70949,72194,12,90457,54.7,3.9
Sylhet,Sylhet,Beani Bazar,Rural,140893,577,69068,71825,12,90891,53.1,4.09
Sylhet,Sylhet,Bishwanath,Industrial,135655,536,67731,67924,55,85824,57.7,4.04
Sylhet,Sylhet,Companiganj Syl,Rural,104345,388,53106,51239,12,67523,52.6,4.1
Sylhet,Sylhet,Dakshin Surma,Industrial,158130,811,77834,80296,55,101965,64.7,4.22
Sylhet,Sylhet,Fenchuganj,Industrial,91509,668,45017,46492,55,54772,60.6,4.47
Sylhet,Sylhet,Golapganj,Rural,151741,453,77474,74267,12,96498,61.8,5.1
Sylhet,Sylhet,Gowainghat,Rural,96739,172,47690,49049,12,63310,55.0,3.75
Sylhet,Sylhet,Jaintiapur,Rural,91315,190,45133,46182,12,53782,56.6,5.13
Sylhet,Sylhet,Kanaighat,Border,124740,300,62044,62696,22,81951,63.1,4.92
Sylhet,Sylhet,Zakiganj,Border,119932,408,59364,60568,22,75577,52.6,3.96
Sylhet,Sylhet,Zakiganj Border,Border,14178,1182,7212,6966,22,9010,59.5,4.14
Sylhet,Sylhet,Kanaighat Border,Border,11875,792,6017,5858,22,7681,50.5,3.89
Sylhet,Sylhet,Gowainghat Stone,Rural,16950,678,8559,8391,12,11029,48.3,4.94
Sylhet,Sylhet,Fenchuganj Gas,Industrial,12216,1222,6024,6192,55,7210,59.5,3.74
Sylhet,Habiganj,Habiganj Sadar,City,244559,1073,120278,124281,70,153162,70.0,4.29
Sylhet,Habiganj,Ajmiriganj,River,78320,412,39937,38383,14,51098,59.2,4.57
Sylhet,Habiganj,Bahubal,Rural,99236,376,49978,49258,12,57768,57.2,4.68
Sylhet,Habiganj,Baniachong,Rural,182361,378,90994,91367,12,111591,60.0,4.83
Sylhet,Habiganj,Chunarughat,Tea,123414,295,62851,60563,16,79694,60.3,5.06
Sylhet,Habiganj,Lakhai,Rural,75936,363,37511,38425,12,49793,60.2,4.57
Sylhet,Habiganj,Madhabpur,Tea,122267,383,62190,60077,16,78623,53.9,5.1
Sylhet,Habiganj,Nabiganj,Rural,143548,314,71444,72104,12,91329,50.2,4.26
Sylhet,Habiganj,Shaistaganj,Industrial,70753,1089,36680,34073,55,42705,58.3,4.84
Sylhet,Habiganj,Habiganj Model,City,40162,2677,20696,19466,70,25725,62.8,3.7
Sylhet,Habiganj,Chunarughat Tea,Tea,17216,956,8618,8598,16,10279,53.8,4.62
Sylhet,Habiganj,Ajmiriganj Ferry,River,9995,1000,4988,5007,14,6366,56.2,4.4
Sylhet,Moulvibazar,Moulvibazar Sadar,City,163962,773,81393,82569,70,98975,63.7,4.38
Sylhet,Moulvibazar,Barlekha,Tea,94995,227,48185,46810,16,61279,56.3,4.26
Sylhet,Moulvibazar,Juri,Tea,77045,295,39126,37919,16,46615,52.9,5.05
Sylhet,Moulvibazar,Kamalganj,Tea,98453,270,50008,48445,16,64313,61.7,4.89
Sylhet,Moulvibazar,Kulaura,Tea,142495,303,71783,70712,16,90023,59.5,4.91
Sylhet,Moulvibazar,Rajnagar,Tea,79079,287,39628,39451,16,46748,56.9,3.95
Sylhet,Moulvibazar,Sreemangal,Tea,96527,224,49195,47332,16,62502,54.7,4.29
Sylhet,Moulvibazar,Moulvibazar Model,City,42663,2844,21229,21434,70,27441,58.0,4.17
Sylhet,Moulvibazar,Sreemangal Tourism,Tourism,20168,917,9915,10253,35,12330,58.0,3.93
Sylhet,Moulvibazar,Kulaura Railway,Tea,11201,1120,5499,5702,16,6866,58.0,3.83
Sylhet,Moulvibazar,Barlekha Tea,Tea,13985,932,7049,6936,16,9214,56.6,4.43
Sylhet,Moulvibazar,Kamalganj Tea,Tea,11355,946,5645,5710,16,6685,57.4,3.86
Sylhet,Sunamganj,Sunamganj Sadar,City,179413,934,88788,90625,70,109330,65.2,3.49
Sylhet,Sunamganj,Bishwamvarpur,River,71979,369,36964,35015,14,46544,59.3,3.95
Sylhet,Sunamganj,Chhatak,Industrial,162366,590,79933,82433,55,100321,60.6,3.72
Sylhet,Sunamganj,Derai,River,100248,272,51431,48817,14,65514,51.0,3.88
Sylhet,Sunamganj,Dharampasha,River,98627,215,48603,50024,14,57970,52.2,4.81
Sylhet,Sunamganj,Dowarabazar,Border,73122,241,37640,35482,22,46214,56.9,4.61
Sylhet,Sunamganj,Jagannathpur,Rural,114383,332,57011,57372,12,72228,51.7,5.01
Sylhet,Sunamganj,Jamalganj,River,69469,257,34170,35299,14,40762,56.5,4.52
Sylhet,Sunamganj,Sulla,River,71664,185,37026,34638,14,41635,59.2,3.84
Sylhet,Sunamganj,Tahirpur,River,93928,324,47715,46213,14,55795,56.8,3.98
Sylhet,Sunamganj,Sunamganj Model,City,36942,2463,19037,17905,70,24071,63.2,4.78
Sylhet,Sunamganj,Chhatak Cement,Industrial,21378,1782,10953,10425,55,13136,58.2,4.31
Sylhet,Sunamganj,Dowarabazar Border,Border,10180,679,5038,5142,22,6416,54.3,4.23
Sylhet,Sunamganj,Sulla Haor,River,12721,636,6361,6360,14,7558,55.8,3.95
Sylhet,Sunamganj,Dharampasha Haor,River,12037,669,6052,5985,14,7132,62.0,4.73
Barisal,Barguna,Bakkhali,Coastal,37136,190,18885,18251,18,24429,61.5,4.68
Barisal,Bhola,Bhola Industrial,Industrial,23905,1328,12408,11497,55,13975,67.1,4.76
Barisal,Patuakhali,Patuakhali River,River,23812,280,12239,11573,14,14176,61.9,5.08
Chittagong,Noakhali,Begumganj North,Rural,62865,434,31712,31153,12,37766,71.2,4.96
Dhaka,Dhaka,Demra South,Metropolitan,136748,17094,69129,67619,90,81861,90.0,3.48
Dhaka,Dhaka,Jatrabari South,Metropolitan,118867,19811,60854,58013,90,77754,91.7,4.05
Dhaka,Dhaka,Mugda,Metropolitan,137110,27422,69447,67663,90,88765,88.8,4.63
Dhaka,Dhaka,Rayer Bazar,Metropolitan,121207,30302,62279,58928,90,72839,91.8,4.36
Dhaka,Dhaka,Hazaribagh Model,Metropolitan,98968,32989,51066,47902,90,57860,92.0,4.06
Dhaka,Dhaka,Kotwali South,Metropolitan,97930,32643,48452,49478,90,57768,92.3,3.52
Dhaka,Dhaka,Pallabi South,Metropolitan,125777,20963,63201,62576,90,78754,85.3,3.5
Dhaka,Dhaka,Mirpur East,Metropolitan,131353,18765,67456,63897,90,81939,83.7,3.73
Dhaka,Dhaka,Uttara East,Metropolitan,129429,16179,66716,62713,90,76166,82.4,3.44
Dhaka,Dhaka,Dakshinkhan South,Metropolitan,101540,16923,50878,50662,90,64068,85.2,4.01
Dhaka,Gazipur,Gazipur North,Industrial,144492,2627,72843,71649,55,94375,81.9,3.79
Dhaka,Gazipur,Kaliakair North,Industrial,92905,2065,46125,46780,55,55492,82.1,3.82
Dhaka,Narayanganj,Rupganj North,Industrial,127093,3026,65452,61641,55,75607,88.4,4.08
Dhaka,Narayanganj,Sonargaon South,Industrial,92945,1690,47296,45649,55,61202,82.1,3.75
Dhaka,Narsingdi,Raipura South,River,63428,721,32268,31160,14,38565,81.7,3.79
Dhaka,Kishoreganj,Bajitpur South,River,57739,1050,29782,27957,14,36736,82.4,4.0
Dhaka,Tangail,Ghatail North,Rural,65103,685,32065,33038,12,42515,76.8,4.58
Dhaka,Faridpur,Bhanga South,River,40313,538,20773,19540,14,24239,70.8,4.73
Dhaka,Manikganj,Singair South,Rural,51018,785,25269,25749,12,32656,79.8,4.93
Dhaka,Shariatpur,Jajira South,River,38709,704,19909,18800,14,23443,79.9,3.94
Mymensingh,Mymensingh,Mymensingh North,City,71921,3269,36159,35762,70,43231,73.8,3.81
Mymensingh,Mymensingh,Phulpur North,Rural,61204,644,31792,29412,12,40001,58.4,3.94
Mymensingh,Mymensingh,Gaffargaon South,Rural,65642,772,32973,32669,12,42164,52.0,3.87
Mymensingh,Mymensingh,Bhaluka South,Industrial,69336,1067,34988,34348,55,43460,66.9,4.19
Mymensingh,Jamalpur,Islampur South,River,62391,832,30735,31656,14,38874,64.5,3.76
Mymensingh,Jamalpur,Madarganj South,River,46487,715,22843,23644,14,29737,57.6,4.33
Mymensingh,Netrokona,Kendua South,Rural,66897,704,34522,32375,12,39911,61.6,4.96
Mymensingh,Netrokona,Mohanganj South,River,46165,679,23898,22267,14,27429,62.4,4.33
Mymensingh,Sherpur,Nakla South,Rural,46860,625,23786,23074,12,28101,64.5,4.84
Mymensingh,Sherpur,Sreebardi South,Border,37616,443,18720,18896,22,22427,56.1,4.14
Rangpur,Rangpur,Mithapukur South,Rural,65133,686,33357,31776,12,39754,59.2,4.04
Rangpur,Dinajpur,Birganj South,Rural,49688,565,24597,25091,12,32484,55.7,5.14
Rangpur,Gaibandha,Gobindaganj South,Industrial,78406,1206,39162,39244,55,46059,66.7,4.73
Sylhet,Sylhet,Sylhet South,Metropolitan,102091,8508,52437,49654,90,61248,61.0,3.59
Sylhet,Sylhet,Osmani Nagar South,Industrial,69557,3864,35598,33959,55,41480,54.0,4.42
Sylhet,Habiganj,Nabiganj South,Rural,58660,667,29335,29325,12,36734,59.5,4.09
Sylhet,Moulvibazar,Kulaura South,Tea,54176,570,26991,27185,16,33390,61.2,4.92
Sylhet,Sunamganj,Jagannathpur South,Rural,47264,630,23793,23471,12,29779,48.6,4.06
